1,Super Admin,admin@oko.com,12312312,Inserted: 1 | Updated: 0 | Deleted: 0 | Total Records: 1,"{'"newSites'": [{'"2g'": '"2G'", '"4g'": '"4G'", '"bsc'": '"ISB006H'", '"lat'": 34.8311, '"mbu'": '"N3-GLT-04'", '"long'": 73.0559, '"scope'": '"asdas'", '"b2s_id'": '"asdasd'", '"prefix'": '"AAL'", '"region'": '"North'", '"vendor'": '"Huawei'", '"900_trx'": 7, '"mmcells'": '"No 4G'", '"1800_trx'": 0, '"2g_cells'": 3, '"4g_cells'": '"No 4G'", '"bsc_code'": '"ISB006H__I10_ISB_6'", '"omo_name'": '"dasda'", '"physical'": '"4G'", '"usf_site'": '"No'", '"site_code'": '"AAL22521'", '"site_type'": '"Own Built'", '"total_trx'": 7, '"pta_tehsil'": '"ALLAI TEHSIL'", '"4g_capacity'": '"No 4G'", '"l2100_cells'": '"No 4G'", '"l900a_cells'": '"No 4G'", '"pta_remarks'": '"asdas'", '"site_status'": '"Active'", '"franchise_id'": 7271, '"l1800a_cells'": '"No 4G'", '"l1800b_cells'": '"No 4G'", '"pta_district'": '"BATAGRAM'", '"pta_province'": '"KHYBER PAKHTUNKHWA'", '"2g_locked_tag'": '"asdas'", '"4g_locked_tag'": '"asdas'", '"coverage_type'": '"Macro'", '"technical_city'": '"Alai'", '"commercial_city'": '"Battagram_Rural'", '"part_of_dec_cfo_'": '"Yes'", '"city_prefix_based'": '"Alai'", '"commercial_region'": '"North'", '"total_l18_ab_cells'": '"No 4G'", '"commercial_district'": '"Batagram'", '"commercial_subregion'": '"North 3'", '"sharing_type_hostguest'": '"asdas'"}], '"deletedSites'": [], '"updatedSites'": []}"
2,Super Admin,admin@oko.com,12312312,Inserted,"{'"newSites'": [{'"2g'": '"2G'", '"4g'": '"4G'", '"bsc'": '"RYK317Z'", '"lat'": 28.737605, '"mbu'": '"C7-KNP-06'", '"long'": 70.956105, '"scope'": null, '"b2s_id'": '"ES2-LQP-01977'", '"prefix'": '"ABB'", '"region'": '"Central B'", '"vendor'": '"ZTE'", '"900_trx'": 14, '"mmcells'": null, '"1800_trx'": 2, '"2g_cells'": 3, '"4g_cells'": 3, '"bsc_code'": '"RYK317Z_MGW_2'", '"omo_name'": '"Enfrashare'", '"physical'": '"2G+4G'", '"usf_site'": '"No'", '"site_code'": '"BBB38323214'", '"site_type'": '"Tower co B2S'", '"total_trx'": 16, '"pta_tehsil'": '"LIAQUATPUR TEHSIL'", '"4g_capacity'": '"2T2R'", '"l2100_cells'": 0, '"l900a_cells'": 0, '"pta_remarks'": null, '"site_status'": '"Active'", '"franchise_id'": 7639, '"l1800a_cells'": 3, '"l1800b_cells'": 0, '"pta_district'": '"RAHIM YAR KHAN'", '"pta_province'": '"PUNJAB'", '"2g_locked_tag'": null, '"4g_locked_tag'": null, '"coverage_type'": '"Macro'", '"technical_city'": '"Rural'", '"commercial_city'": '"Liaqatpur_Rural'", '"part_of_dec_cfo_'": '"Yes'", '"city_prefix_based'": '"Abbasia'", '"commercial_region'": '"Central B'", '"total_l18_ab_cells'": 3, '"commercial_district'": '"Rahim Yar Khan'", '"commercial_subregion'": '"Central 7'", '"sharing_type_hostguest'": '"Guest'"}]}"
3,Super Admin,admin@oko.com,12312312,Edited,"{'"updatedSites'": [{'"2g'": '"2G'", '"4g'": '"4G'", '"bsc'": '"RYK317Z'", '"lat'": 28.737605, '"mbu'": '"C7-KNP-06'", '"long'": 70.956105, '"scope'": null, '"b2s_id'": '"ES2-LQP-01977'", '"prefix'": '"ABB'", '"region'": '"Central B'", '"vendor'": '"ZTE'", '"900_trx'": 14, '"mmcells'": null, '"1800_trx'": 2, '"2g_cells'": 3, '"4g_cells'": 3, '"bsc_code'": '"RYK317Z_MGW_2'", '"omo_name'": '"Enfrashare'", '"physical'": '"2G+4G'", '"usf_site'": '"No'", '"site_code'": '"ABB38323214'", '"site_type'": '"Tower co B2S'", '"total_trx'": 16, '"pta_tehsil'": '"LIAQUATPUR TEHSIL'", '"4g_capacity'": '"2T2R'", '"l2100_cells'": 0, '"l900a_cells'": 0, '"pta_remarks'": null, '"site_status'": '"Active'", '"franchise_id'": 7639, '"l1800a_cells'": 3, '"l1800b_cells'": 0, '"pta_district'": '"RAHIM YAR KHAN'", '"pta_province'": '"PUNJAB'", '"2g_locked_tag'": null, '"4g_locked_tag'": null, '"coverage_type'": '"Macro'", '"locked_status'": '"Locked'", '"technical_city'": '"Rural'", '"commercial_city'": '"Liaqatpur_Rural'", '"part_of_dec_cfo_'": '"Yes'", '"city_prefix_based'": '"Abbasia'", '"commercial_region'": '"Central B'", '"total_l18_ab_cells'": 3, '"commercial_district'": '"Rahim Yar Khan'", '"commercial_subregion'": '"Central 7'", '"sharing_type_hostguest'": '"Guest'"}]}"
5,Super Admin,admin@oko.com,12312312,Deleted,"{'"deleteSites'": [{'"reason'": '"ndsadas'", '"siteId'": '"3'", '"archived_type'": '"Dismantled'"}]}"
6,Super Admin,admin@oko.com,12312312,Deleted,"{'"deleteSites'": [{'"siteId'": '"4'"}]}"
7,Super Admin,admin@oko.com,12312312,Deleted,"{'"deleteSites'": [{'"siteId'": '"4'"}]}"
8,Super Admin,admin@oko.com,12312312,Inserted: 0 | Updated: 0 | Deleted: 0 | Total Records: 0,"{'"newSite'": [{'"2g'": '"2G'", '"4g'": '"4G'", '"bsc'": '"ISB006H'", '"lat'": 34.8176, '"mbu'": '"N3-GLT-04'", '"long'": 73.0833, '"scope'": null, '"b2s_id'": null, '"prefix'": '"AAL'", '"region'": '"North'", '"vendor'": '"Huawei'", '"900_trx'": 9, '"mmcells'": null, '"1800_trx'": 6, '"2g_cells'": 3, '"4g_cells'": 3, '"bsc_code'": '"ISB006H__I10_ISB_6'", '"omo_name'": null, '"physical'": '"2G+4G'", '"usf_site'": '"No'", '"site_code'": '"AAL2252'", '"site_type'": '"Own Built'", '"total_trx'": 15, '"pta_tehsil'": '"ALLAI TEHSIL'", '"4g_capacity'": '"2T2R'", '"l2100_cells'": null, '"l900a_cells'": null, '"pta_remarks'": null, '"site_status'": '"Active'", '"franchise_id'": 7271, '"l1800a_cells'": 3, '"l1800b_cells'": null, '"pta_district'": '"BATAGRAM'", '"pta_province'": '"KHYBER PAKHTUNKHWA'", '"2g_locked_tag'": null, '"4g_locked_tag'": null, '"coverage_type'": '"Macro'", '"technical_city'": '"Alai'", '"commercial_city'": '"Battagram_Rural'", '"part_of_dec_cfo_'": '"Yes'", '"city_prefix_based'": '"Alai'", '"commercial_region'": '"North'", '"total_l18_ab_cells'": 3, '"commercial_district'": '"Batagram'", '"commercial_subregion'": '"North 3'", '"sharing_type_hostguest'": null}, {'"2g'": '"2G'", '"4g'": '"4G'", '"bsc'": '"ISB006H'", '"lat'": 34.8294, '"mbu'": '"N3-GLT-04'", '"long'": 73.0851, '"scope'": null, '"b2s_id'": '"EN1-BTG-04901'", '"prefix'": '"AAL'", '"region'": '"North'", '"vendor'": '"Huawei'", '"900_trx'": 12, '"mmcells'": null, '"1800_trx'": null, '"2g_cells'": 3, '"4g_cells'": 3, '"bsc_code'": '"ISB006H__I10_ISB_6'", '"omo_name'": '"Enfra-COLO'", '"physical'": '"2G+4G'", '"usf_site'": '"No'", '"site_code'": '"AAL5687'", '"site_type'": '"COLO'", '"total_trx'": 12, '"pta_tehsil'": '"ALLAI TEHSIL'", '"4g_capacity'": '"4T4R'", '"l2100_cells'": null, '"l900a_cells'": null, '"pta_remarks'": null, '"site_status'": '"Active'", '"franchise_id'": 7271, '"l1800a_cells'": 3, '"l1800b_cells'": null, '"pta_district'": '"BATAGRAM'", '"pta_province'": '"KHYBER PAKHTUNKHWA'", '"2g_locked_tag'": null, '"4g_locked_tag'": null, '"coverage_type'": '"Macro'", '"technical_city'": '"Alai'", '"commercial_city'": '"Battagram_Rural'", '"part_of_dec_cfo_'": '"Yes'", '"city_prefix_based'": '"Alai'", '"commercial_region'": '"North'", '"total_l18_ab_cells'": 3, '"commercial_district'": '"Batagram'", '"commercial_subregion'": '"North 3'", '"sharing_type_hostguest'": '"Guest'"}], '"deletedSite'": [{'"2g'": '"2G'", '"4g'": '"4G'", '"id'": 5, '"bsc'": '"ISB006H'", '"lat'": '"34.831100'", '"mbu'": '"N3-GLT-04'", '"long'": '"73.055900'", '"scope'": '"asdas'", '"b2s_id'": '"asdasd'", '"prefix'": '"AAL'", '"reason'": null, '"region'": '"North'", '"vendor'": '"Huawei'", '"900_trx'": 7, '"mmcells'": '"No 4G'", '"site_to'": null, '"1800_trx'": 0, '"2g_cells'": 3, '"4g_cells'": '"No 4G'", '"archived'": false, '"bsc_code'": '"ISB006H__I10_ISB_6'", '"omo_name'": '"dasda'", '"physical'": '"4G'", '"usf_site'": '"No'", '"site_code'": '"AAL22521'", '"site_from'": null, '"site_type'": '"Own Built'", '"total_trx'": 7, '"pta_tehsil'": '"ALLAI TEHSIL'", '"4g_capacity'": '"No 4G'", '"l2100_cells'": '"No 4G'", '"l900a_cells'": '"No 4G'", '"pta_remarks'": '"asdas'", '"site_status'": '"Active'", '"franchise_id'": 7271, '"l1800a_cells'": '"No 4G'", '"l1800b_cells'": '"No 4G'", '"pta_district'": '"BATAGRAM'", '"pta_province'": '"KHYBER PAKHTUNKHWA'", '"2g_locked_tag'": '"asdas'", '"4g_locked_tag'": '"asdas'", '"archived_type'": null, '"coverage_type'": '"Macro'", '"locked_status'": '"Locked'", '"technical_city'": '"Alai'", '"commercial_city'": '"Battagram_Rural'", '"part_of_dec_cfo'": '"Yes'", '"city_prefix_based'": '"Alai'", '"commercial_region'": '"North'", '"total_l18_ab_cells'": '"No 4G'", '"commercial_district'": '"Batagram'", '"commercial_subregion'": '"North 3'", '"sharing_type_hostguest'": '"asdas'"}], '"updatedSites'": []}"
9,Super Admin,admin@oko.com,12312312,Deleted,"{'"deleteSites'": [{'"siteId'": '"4'"}]}"
10,Super Admin,admin@oko.com,12312312,Deleted,"{'"deleteSites'": [{'"siteId'": '"1'"}]}"
11,Super Admin,admin@oko.com,12312312,Deleted,"{'"deleteSites'": [{'"siteId'": '"4'"}]}"
12,Super Admin,admin@oko.com,12312312,Inserted,"{'"newSites'": [{'"2g'": '"'", '"4g'": '"'", '"bsc'": '"'", '"lat'": null, '"mbu'": '"'", '"long'": null, '"scope'": '"'", '"b2s_id'": '"'", '"prefix'": '"'", '"region'": '"'", '"vendor'": '"'", '"900_trx'": null, '"mmcells'": null, '"1800_trx'": null, '"2g_cells'": null, '"4g_cells'": null, '"bsc_code'": '"'", '"omo_name'": '"'", '"physical'": '"'", '"usf_site'": '"'", '"site_code'": '"1233'", '"site_type'": '"'", '"total_trx'": null, '"pta_tehsil'": '"'", '"4g_capacity'": '"'", '"l2100_cells'": null, '"l900a_cells'": null, '"pta_remarks'": '"'", '"site_status'": '"'", '"franchise_id'": null, '"l1800a_cells'": null, '"l1800b_cells'": null, '"pta_district'": '"'", '"pta_province'": '"'", '"2g_locked_tag'": '"'", '"4g_locked_tag'": '"'", '"coverage_type'": '"'", '"technical_city'": '"'", '"commercial_city'": '"'", '"part_of_dec_cfo'": '"'", '"city_prefix_based'": '"'", '"commercial_region'": '"'", '"total_l18_ab_cells'": null, '"commercial_district'": '"'", '"commercial_subregion'": '"'", '"sharing_type_hostguest'": '"'"}]}"
94,Super Admin,admin@oko.com,12312312,Inserted: 0 | Updated: 0 | Deleted: 0 | Total Records: 0,"{'"newSite'": [], '"deletedSite'": [], '"updatedSites'": []}"
13,Super Admin,admin@oko.com,12312312,Inserted: 1 | Updated: 0 | Deleted: 0 | Total Records: 1,"{'"newSites'": [{'"2g'": '"2G'", '"4g'": '"4G'", '"bsc'": '"ISB006H'", '"lat'": 34.8311, '"mbu'": '"N3-GLT-04'", '"long'": 73.0559, '"b2s_id'": '"asdasd'", '"prefix'": '"AAL'", '"region'": '"North'", '"vendor'": '"Huawei'", '"900_trx'": 7, '"mmcells'": '"No 4G'", '"1800_trx'": 0, '"2g_cells'": 3, '"4g_cells'": '"No 4G'", '"bsc_code'": '"ISB006H__I10_ISB_6'", '"omo_name'": '"dasda'", '"physical'": '"4G'", '"usf_site'": '"No'", '"site_code'": '"AAL22521'", '"site_type'": '"Own Built'", '"total_trx'": 7, '"pta_tehsil'": '"ALLAI TEHSIL'", '"4g_capacity'": '"No 4G'", '"l2100_cells'": '"No 4G'", '"l900a_cells'": '"No 4G'", '"pta_remarks'": '"asdas'", '"site_status'": '"Active'", '"franchise_id'": 7271, '"l1800a_cells'": '"No 4G'", '"l1800b_cells'": '"No 4G'", '"pta_district'": '"BATAGRAM'", '"pta_province'": '"KHYBER PAKHTUNKHWA'", '"2g_locked_tag'": '"asdas'", '"4g_locked_tag'": '"asdas'", '"coverage_type'": '"Macro'", '"technical_city'": '"Alai'", '"commercial_city'": '"Battagram_Rural'", '"city_prefix_based'": '"Alai'", '"commercial_region'": '"North'", '"total_l18_ab_cells'": '"No 4G'", '"commercial_district'": '"Batagram'", '"commercial_subregion'": '"North 3'", '"sharing_type_hostguest'": '"asdas'"}], '"deletedSites'": [], '"updatedSites'": []}"
14,Super Admin,admin@oko.com,12312312,Inserted,"{'"newSites'": [{'"2g'": '"2G'", '"4g'": '"4G'", '"bsc'": '"RYK317Z'", '"lat'": 28.737605, '"mbu'": '"C7-KNP-06'", '"long'": 70.956105, '"b2s_id'": '"ES2-LQP-01977'", '"prefix'": '"ABB'", '"region'": '"Central B'", '"vendor'": '"ZTE'", '"900_trx'": 14, '"mmcells'": null, '"1800_trx'": 2, '"2g_cells'": 3, '"4g_cells'": 3, '"bsc_code'": '"RYK317Z_MGW_2'", '"omo_name'": '"Enfrashare'", '"physical'": '"2G+4G'", '"usf_site'": '"No'", '"site_code'": '"BBB38323214'", '"site_type'": '"Tower co B2S'", '"total_trx'": 16, '"pta_tehsil'": '"LIAQUATPUR TEHSIL'", '"4g_capacity'": '"2T2R'", '"l2100_cells'": 0, '"l900a_cells'": 0, '"pta_remarks'": null, '"site_status'": '"Active'", '"franchise_id'": 7639, '"l1800a_cells'": 3, '"l1800b_cells'": 0, '"pta_district'": '"RAHIM YAR KHAN'", '"pta_province'": '"PUNJAB'", '"2g_locked_tag'": null, '"4g_locked_tag'": null, '"coverage_type'": '"Macro'", '"technical_city'": '"Rural'", '"commercial_city'": '"Liaqatpur_Rural'", '"city_prefix_based'": '"Abbasia'", '"commercial_region'": '"Central B'", '"total_l18_ab_cells'": 3, '"commercial_district'": '"Rahim Yar Khan'", '"commercial_subregion'": '"Central 7'", '"sharing_type_hostguest'": '"Guest'"}]}"
15,Super Admin,admin@oko.com,12312312,Edited,"{'"updatedSites'": [{'"2g'": '"2G'", '"4g'": '"4G'", '"bsc'": '"RYK317Z'", '"lat'": 28.737605, '"mbu'": '"C7-KNP-06'", '"long'": 70.956105, '"b2s_id'": '"ES2-LQP-01977'", '"prefix'": '"ABB'", '"region'": '"Central B'", '"vendor'": '"ZTE'", '"900_trx'": 14, '"mmcells'": null, '"1800_trx'": 2, '"2g_cells'": 3, '"4g_cells'": 3, '"bsc_code'": '"RYK317Z_MGW_2'", '"omo_name'": '"Enfrashare'", '"physical'": '"2G+4G'", '"usf_site'": '"No'", '"site_code'": '"ABB38323214'", '"site_type'": '"Tower co B2S'", '"total_trx'": 16, '"pta_tehsil'": '"LIAQUATPUR TEHSIL'", '"4g_capacity'": '"2T2R'", '"l2100_cells'": 0, '"l900a_cells'": 0, '"pta_remarks'": null, '"site_status'": '"Active'", '"franchise_id'": 7639, '"l1800a_cells'": 3, '"l1800b_cells'": 0, '"pta_district'": '"RAHIM YAR KHAN'", '"pta_province'": '"PUNJAB'", '"2g_locked_tag'": null, '"4g_locked_tag'": null, '"coverage_type'": '"Macro'", '"locked_status'": '"Locked'", '"technical_city'": '"Rural'", '"commercial_city'": '"Liaqatpur_Rural'", '"city_prefix_based'": '"Abbasia'", '"commercial_region'": '"Central B'", '"total_l18_ab_cells'": 3, '"commercial_district'": '"Rahim Yar Khan'", '"commercial_subregion'": '"Central 7'", '"sharing_type_hostguest'": '"Guest'"}]}"
16,Super Admin,admin@oko.com,12312312,Edited,"{'"updatedSites'": [{'"2g'": '"2G'", '"4g'": '"4G'", '"bsc'": '"RYK317Z'", '"lat'": 28.737605, '"mbu'": '"C7-KNP-06'", '"long'": 70.956105, '"b2s_id'": '"ES2-LQP-01977'", '"prefix'": '"ABB'", '"region'": '"Central B'", '"vendor'": '"ZTE'", '"900_trx'": 14, '"mmcells'": null, '"1800_trx'": 2, '"2g_cells'": 3, '"4g_cells'": 3, '"bsc_code'": '"RYK317Z_MGW_2'", '"omo_name'": '"Enfrashare'", '"physical'": '"2G+4G'", '"usf_site'": '"No'", '"site_code'": '"ABB38323214'", '"site_type'": '"Tower co B2S'", '"total_trx'": 16, '"pta_tehsil'": '"LIAQUATPUR TEHSIL'", '"4g_capacity'": '"2T2R'", '"l2100_cells'": 0, '"l900a_cells'": 0, '"pta_remarks'": null, '"site_status'": '"Active'", '"franchise_id'": 7639, '"l1800a_cells'": 3, '"l1800b_cells'": 0, '"pta_district'": '"RAHIM YAR KHAN'", '"pta_province'": '"PUNJAB'", '"2g_locked_tag'": null, '"4g_locked_tag'": null, '"coverage_type'": '"Macro'", '"locked_status'": '"Locked'", '"technical_city'": '"Rural'", '"commercial_city'": '"Liaqatpur_Rural'", '"city_prefix_based'": '"Abbasia'", '"commercial_region'": '"Central B'", '"total_l18_ab_cells'": 3, '"commercial_district'": '"Rahim Yar Khan'", '"commercial_subregion'": '"Central 7'", '"sharing_type_hostguest'": '"Guest'"}]}"
17,Super Admin,admin@oko.com,12312312,Edited,"{'"updatedSites'": [{'"2g'": '"2G'", '"4g'": '"4G'", '"bsc'": '"RYK317Z'", '"lat'": 28.737605, '"mbu'": '"C7-KNP-06'", '"long'": 70.956105, '"b2s_id'": '"ES2-LQP-01977'", '"prefix'": '"ABB'", '"region'": '"Central B'", '"vendor'": '"ZTE'", '"900_trx'": 14, '"mmcells'": null, '"1800_trx'": 2, '"2g_cells'": 3, '"4g_cells'": 3, '"bsc_code'": '"RYK317Z_MGW_2'", '"omo_name'": '"Enfrashare'", '"physical'": '"2G+4G'", '"usf_site'": '"No'", '"site_code'": '"ABB38323214'", '"site_type'": '"Tower co B2S'", '"total_trx'": 16, '"pta_tehsil'": '"LIAQUATPUR TEHSIL'", '"4g_capacity'": '"2T2R'", '"l2100_cells'": 0, '"l900a_cells'": 0, '"pta_remarks'": null, '"site_status'": '"Active'", '"franchise_id'": 7639, '"l1800a_cells'": 3, '"l1800b_cells'": 0, '"pta_district'": '"RAHIM YAR KHAN'", '"pta_province'": '"PUNJAB'", '"2g_locked_tag'": null, '"4g_locked_tag'": null, '"coverage_type'": '"Macro'", '"locked_status'": '"Locked'", '"technical_city'": '"Rural'", '"commercial_city'": '"Liaqatpur_Rural'", '"city_prefix_based'": '"Abbasia'", '"commercial_region'": '"Central B'", '"total_l18_ab_cells'": 3, '"commercial_district'": '"Rahim Yar Khan'", '"commercial_subregion'": '"Central 7'", '"sharing_type_hostguest'": '"Guest'"}]}"
18,Super Admin,admin@oko.com,12312312,Edited,"{'"updatedSites'": [{'"2g'": '"2G'", '"4g'": '"4G'", '"bsc'": '"RYK317Z'", '"lat'": 28.737605, '"mbu'": '"C7-KNP-06'", '"long'": 70.956105, '"b2s_id'": '"ES2-LQP-01977'", '"prefix'": '"ABB'", '"region'": '"Central B'", '"vendor'": '"ZTE'", '"900_trx'": 14, '"mmcells'": null, '"1800_trx'": 2, '"2g_cells'": 3, '"4g_cells'": 3, '"bsc_code'": '"RYK317Z_MGW_2'", '"omo_name'": '"Enfrashare'", '"physical'": '"2G+4G'", '"usf_site'": '"No'", '"site_code'": '"ABB38323214'", '"site_type'": '"Tower co B2S'", '"total_trx'": 16, '"pta_tehsil'": '"LIAQUATPUR TEHSIL'", '"4g_capacity'": '"2T2R'", '"l2100_cells'": 0, '"l900a_cells'": 0, '"pta_remarks'": null, '"site_status'": '"Active'", '"franchise_id'": 7639, '"l1800a_cells'": 3, '"l1800b_cells'": 0, '"pta_district'": '"RAHIM YAR KHAN'", '"pta_province'": '"PUNJAB'", '"2g_locked_tag'": null, '"4g_locked_tag'": null, '"coverage_type'": '"Macro'", '"locked_status'": '"Locked'", '"technical_city'": '"Rural'", '"commercial_city'": '"Liaqatpur_Rural'", '"city_prefix_based'": '"Abbasia'", '"commercial_region'": '"Central B'", '"total_l18_ab_cells'": 3, '"commercial_district'": '"Rahim Yar Khan'", '"commercial_subregion'": '"Central 7'", '"sharing_type_hostguest'": '"Guest'"}]}"
19,Super Admin,admin@oko.com,12312312,Deleted,"{'"deleteSites'": [{'"siteId'": '"4'"}]}"
20,Super Admin,admin@oko.com,12312312,Deleted,"{'"deleteSites'": [{'"siteId'": '"14'"}]}"
95,Super Admin,admin@oko.com,12312312,Inserted: 0 | Updated: 0 | Deleted: 0 | Total Records: 0,"{'"newSite'": [], '"deletedSite'": [], '"updatedSites'": []}"
21,Super Admin,admin@oko.com,12312312,Inserted,"{'"newSites'": [{'"2g'": '"2G'", '"4g'": '"4G'", '"bsc'": '"RYK317Z'", '"lat'": 28.737605, '"mbu'": '"C7-KNP-06'", '"long'": 70.956105, '"b2s_id'": '"ES2-LQP-01977'", '"prefix'": '"ABB'", '"region'": '"Central B'", '"vendor'": '"ZTE'", '"900_trx'": 14, '"mmcells'": null, '"1800_trx'": 2, '"2g_cells'": 3, '"4g_cells'": 3, '"bsc_code'": '"RYK317Z_MGW_2'", '"omo_name'": '"Enfrashare'", '"physical'": '"2G+4G'", '"usf_site'": '"No'", '"site_code'": '"BBB38323214'", '"site_type'": '"Tower co B2S'", '"total_trx'": 16, '"pta_tehsil'": '"LIAQUATPUR TEHSIL'", '"4g_capacity'": '"2T2R'", '"l2100_cells'": 0, '"l900a_cells'": 0, '"pta_remarks'": null, '"site_status'": '"Active'", '"franchise_id'": 7639, '"l1800a_cells'": 3, '"l1800b_cells'": 0, '"pta_district'": '"RAHIM YAR KHAN'", '"pta_province'": '"PUNJAB'", '"2g_locked_tag'": null, '"4g_locked_tag'": null, '"coverage_type'": '"Macro'", '"technical_city'": '"Rural'", '"commercial_city'": '"Liaqatpur_Rural'", '"city_prefix_based'": '"Abbasia'", '"commercial_region'": '"Central B'", '"total_l18_ab_cells'": 3, '"commercial_district'": '"Rahim Yar Khan'", '"commercial_subregion'": '"Central 7'", '"sharing_type_hostguest'": '"Guest'"}]}"
22,Super Admin,admin@oko.com,12312312,Edited,"{'"updatedSites'": [{'"2g'": '"2G'", '"4g'": '"4G'", '"bsc'": '"RYK317Z'", '"lat'": 28.737605, '"mbu'": '"C7-KNP-06'", '"long'": 70.956105, '"b2s_id'": '"ES2-LQP-01977'", '"prefix'": '"ABB'", '"region'": '"Central B'", '"vendor'": '"ZTE'", '"900_trx'": 14, '"mmcells'": null, '"1800_trx'": 2, '"2g_cells'": 3, '"4g_cells'": 3, '"bsc_code'": '"RYK317Z_MGW_2'", '"omo_name'": '"Enfrashare'", '"physical'": '"2G+4G'", '"usf_site'": '"No'", '"site_code'": '"ABB38323214'", '"site_type'": '"Tower co B2S'", '"total_trx'": 16, '"pta_tehsil'": '"LIAQUATPUR TEHSIL'", '"4g_capacity'": '"2T2R'", '"l2100_cells'": 0, '"l900a_cells'": 0, '"pta_remarks'": null, '"site_status'": '"Active'", '"franchise_id'": 7639, '"l1800a_cells'": 3, '"l1800b_cells'": 0, '"pta_district'": '"RAHIM YAR KHAN'", '"pta_province'": '"PUNJAB'", '"2g_locked_tag'": null, '"4g_locked_tag'": null, '"coverage_type'": '"Macro'", '"locked_status'": '"Locked'", '"technical_city'": '"Rural'", '"commercial_city'": '"Liaqatpur_Rural'", '"city_prefix_based'": '"Abbasia'", '"commercial_region'": '"Central B'", '"total_l18_ab_cells'": 3, '"commercial_district'": '"Rahim Yar Khan'", '"commercial_subregion'": '"Central 7'", '"sharing_type_hostguest'": '"Guest'"}]}"
23,Super Admin,admin@oko.com,12312312,Deleted,"{'"deleteSites'": [{'"siteId'": '"13'"}]}"
24,Super Admin,admin@oko.com,12312312,Deleted,"{'"deleteSites'": [{'"reason'": '"ndsadas'", '"siteId'": '"13'", '"archived_type'": '"Dismantled'"}]}"
25,Super Admin,admin@oko.com,12312312,Inserted,"{'"newSites'": [{'"2g'": '"2G'", '"4g'": '"4G'", '"bsc'": '"RYK317Z'", '"lat'": 28.737605, '"mbu'": '"C7-KNP-06'", '"long'": 70.956105, '"b2s_id'": '"ES2-LQP-01977'", '"prefix'": '"ABB'", '"region'": '"Central B'", '"vendor'": '"ZTE'", '"900_trx'": 14, '"mmcells'": null, '"1800_trx'": 2, '"2g_cells'": 3, '"4g_cells'": 3, '"bsc_code'": '"RYK317Z_MGW_2'", '"omo_name'": '"Enfrashare'", '"physical'": '"2G+4G'", '"usf_site'": '"No'", '"site_code'": '"BBB38323214'", '"site_type'": '"Tower co B2S'", '"total_trx'": 16, '"pta_tehsil'": '"LIAQUATPUR TEHSIL'", '"4g_capacity'": '"2T2R'", '"l2100_cells'": 0, '"l900a_cells'": 0, '"pta_remarks'": null, '"site_status'": '"Active'", '"franchise_id'": 7639, '"l1800a_cells'": 3, '"l1800b_cells'": 0, '"pta_district'": '"RAHIM YAR KHAN'", '"pta_province'": '"PUNJAB'", '"2g_locked_tag'": null, '"4g_locked_tag'": null, '"coverage_type'": '"Macro'", '"technical_city'": '"Rural'", '"commercial_city'": '"Liaqatpur_Rural'", '"city_prefix_based'": '"Abbasia'", '"commercial_region'": '"Central B'", '"total_l18_ab_cells'": 3, '"commercial_district'": '"Rahim Yar Khan'", '"commercial_subregion'": '"Central 7'", '"sharing_type_hostguest'": '"Guest'"}]}"
26,Super Admin,admin@oko.com,12312312,Inserted,"{'"newSites'": [{'"2g'": '"'", '"4g'": '"'", '"bsc'": '"'", '"lat'": null, '"mbu'": '"'", '"long'": null, '"scope'": '"'", '"b2s_id'": '"'", '"prefix'": '"'", '"region'": '"'", '"vendor'": '"'", '"900_trx'": null, '"mmcells'": null, '"1800_trx'": null, '"2g_cells'": null, '"4g_cells'": null, '"bsc_code'": '"'", '"omo_name'": '"'", '"physical'": '"'", '"usf_site'": '"'", '"site_code'": '"7845'", '"site_type'": '"'", '"total_trx'": null, '"pta_tehsil'": '"'", '"4g_capacity'": '"'", '"l2100_cells'": null, '"l900a_cells'": null, '"pta_remarks'": '"'", '"site_status'": '"'", '"franchise_id'": null, '"l1800a_cells'": null, '"l1800b_cells'": null, '"pta_district'": '"'", '"pta_province'": '"'", '"2g_locked_tag'": '"'", '"4g_locked_tag'": '"'", '"coverage_type'": '"'", '"technical_city'": '"'", '"commercial_city'": '"'", '"part_of_dec_cfo'": '"'", '"city_prefix_based'": '"'", '"commercial_region'": '"'", '"total_l18_ab_cells'": null, '"commercial_district'": '"'", '"commercial_subregion'": '"'", '"sharing_type_hostguest'": '"'"}]}"
27,Super Admin,admin@oko.com,12312312,Inserted: 0 | Updated: 0 | Deleted: 0 | Total Records: 0,"{'"newSite'": [{'"2g'": '"2G'", '"bsc'": '"ISB006H'", '"lat'": 34.8311, '"mbu'": '"N3-GLT-04'", '"long'": 73.0559, '"scope'": null, '"b2s_id'": null, '"prefix'": '"AAL'", '"region'": '"North'", '"vendor'": '"Huawei'", '"900_trx'": 7, '"mmcells'": '"No 4G'", '"1800_trx'": 0, '"2g_cells'": 3, '"4g_cells'": '"No 4G'", '"bsc_code'": '"ISB006H__I10_ISB_6'", '"omo_name'": null, '"physical'": '"2G'", '"usf_site'": '"No'", '"site_code'": '"AAL2251'", '"site_type'": '"Own Built'", '"total_trx'": 7, '"pta_tehsil'": '"ALLAI TEHSIL'", '"4g_capacity'": '"No 4G'", '"l2100_cells'": '"No 4G'", '"l900a_cells'": '"No 4G'", '"pta_remarks'": null, '"site_status'": '"Active'", '"franchise_id'": 7271, '"l1800a_cells'": '"No 4G'", '"l1800b_cells'": '"No 4G'", '"pta_district'": '"BATAGRAM'", '"pta_province'": '"KHYBER PAKHTUNKHWA'", '"2g_locked_tag'": null, '"4g_locked_tag'": null, '"coverage_type'": '"Macro'", '"technical_city'": '"Alai'", '"commercial_city'": '"Battagram_Rural'", '"part_of_dec_cfo_'": '"Yes'", '"city_prefix_based'": '"Alai'", '"commercial_region'": '"North'", '"total_l18_ab_cells'": '"No 4G'", '"commercial_district'": '"Batagram'", '"commercial_subregion'": '"North 3'", '"sharing_type_hostguest'": null}, {'"2g'": '"2G'", '"4g'": '"4G'", '"bsc'": '"ISB006H'", '"lat'": 34.8176, '"mbu'": '"N3-GLT-04'", '"long'": 73.0833, '"scope'": null, '"b2s_id'": null, '"prefix'": '"AAL'", '"region'": '"North'", '"vendor'": '"Huawei'", '"900_trx'": 9, '"mmcells'": null, '"1800_trx'": 6, '"2g_cells'": 3, '"4g_cells'": 3, '"bsc_code'": '"ISB006H__I10_ISB_6'", '"omo_name'": null, '"physical'": '"2G+4G'", '"usf_site'": '"No'", '"site_code'": '"AAL2252'", '"site_type'": '"Own Built'", '"total_trx'": 15, '"pta_tehsil'": '"ALLAI TEHSIL'", '"4g_capacity'": '"2T2R'", '"l2100_cells'": 0, '"l900a_cells'": 0, '"pta_remarks'": null, '"site_status'": '"Active'", '"franchise_id'": 7271, '"l1800a_cells'": 3, '"l1800b_cells'": 0, '"pta_district'": '"BATAGRAM'", '"pta_province'": '"KHYBER PAKHTUNKHWA'", '"2g_locked_tag'": null, '"4g_locked_tag'": null, '"coverage_type'": '"Macro'", '"technical_city'": '"Alai'", '"commercial_city'": '"Battagram_Rural'", '"part_of_dec_cfo_'": '"Yes'", '"city_prefix_based'": '"Alai'", '"commercial_region'": '"North'", '"total_l18_ab_cells'": 3, '"commercial_district'": '"Batagram'", '"commercial_subregion'": '"North 3'", '"sharing_type_hostguest'": null}], '"deletedSite'": [{'"2g'": '"2G'", '"4g'": '"4G'", '"id'": 11, '"bsc'": '"ISB006H'", '"lat'": '"34.831100'", '"mbu'": '"N3-GLT-04'", '"long'": '"73.055900'", '"scope'": null, '"b2s_id'": '"asdasd'", '"prefix'": '"AAL'", '"reason'": null, '"region'": '"North'", '"vendor'": '"Huawei'", '"900_trx'": 7, '"mmcells'": '"No 4G'", '"site_to'": null, '"1800_trx'": 0, '"2g_cells'": 3, '"4g_cells'": '"No 4G'", '"archived'": false, '"bsc_code'": '"ISB006H__I10_ISB_6'", '"omo_name'": '"dasda'", '"physical'": '"4G'", '"usf_site'": '"No'", '"site_code'": '"AAL22521'", '"site_from'": null, '"site_type'": '"Own Built'", '"total_trx'": 7, '"pta_tehsil'": '"ALLAI TEHSIL'", '"4g_capacity'": '"No 4G'", '"l2100_cells'": '"No 4G'", '"l900a_cells'": '"No 4G'", '"pta_remarks'": '"asdas'", '"site_status'": '"Active'", '"franchise_id'": 7271, '"l1800a_cells'": '"No 4G'", '"l1800b_cells'": '"No 4G'", '"pta_district'": '"BATAGRAM'", '"pta_province'": '"KHYBER PAKHTUNKHWA'", '"2g_locked_tag'": '"asdas'", '"4g_locked_tag'": '"asdas'", '"archived_type'": null, '"coverage_type'": '"Macro'", '"locked_status'": null, '"technical_city'": '"Alai'", '"commercial_city'": '"Battagram_Rural'", '"part_of_dec_cfo'": null, '"city_prefix_based'": '"Alai'", '"commercial_region'": '"North'", '"total_l18_ab_cells'": '"No 4G'", '"commercial_district'": '"Batagram'", '"commercial_subregion'": '"North 3'", '"sharing_type_hostguest'": '"asdas'"}], '"updatedSites'": []}"
28,Super Admin,admin@oko.com,12312312,Inserted,"{'"newSites'": [{'"2g'": '"'", '"4g'": '"'", '"bsc'": '"'", '"lat'": null, '"mbu'": '"'", '"long'": null, '"scope'": '"'", '"b2s_id'": '"'", '"prefix'": '"'", '"region'": '"'", '"vendor'": '"'", '"900_trx'": null, '"mmcells'": null, '"1800_trx'": null, '"2g_cells'": null, '"4g_cells'": null, '"bsc_code'": '"'", '"omo_name'": '"'", '"physical'": '"'", '"usf_site'": '"'", '"site_code'": '"12342'", '"site_type'": '"'", '"total_trx'": null, '"pta_tehsil'": '"'", '"4g_capacity'": '"'", '"l2100_cells'": null, '"l900a_cells'": null, '"pta_remarks'": '"'", '"site_status'": '"'", '"franchise_id'": null, '"l1800a_cells'": null, '"l1800b_cells'": null, '"pta_district'": '"'", '"pta_province'": '"'", '"2g_locked_tag'": '"'", '"4g_locked_tag'": '"'", '"coverage_type'": '"'", '"technical_city'": '"'", '"commercial_city'": '"'", '"part_of_dec_cfo'": '"'", '"city_prefix_based'": '"'", '"commercial_region'": '"'", '"total_l18_ab_cells'": null, '"commercial_district'": '"'", '"commercial_subregion'": '"'", '"sharing_type_hostguest'": '"'"}]}"
29,Super Admin,admin@oko.com,12312312,Inserted,"{'"newSites'": [{'"2g'": '"'", '"4g'": '"'", '"bsc'": '"'", '"lat'": null, '"mbu'": '"'", '"long'": null, '"scope'": null, '"b2s_id'": '"'", '"prefix'": '"'", '"region'": '"'", '"vendor'": '"'", '"900_trx'": null, '"mmcells'": null, '"1800_trx'": null, '"2g_cells'": null, '"4g_cells'": null, '"bsc_code'": '"'", '"omo_name'": '"'", '"physical'": '"'", '"usf_site'": '"'", '"site_code'": '"5800'", '"site_type'": '"'", '"total_trx'": null, '"pta_tehsil'": '"'", '"4g_capacity'": '"'", '"l2100_cells'": null, '"l900a_cells'": null, '"pta_remarks'": null, '"site_status'": '"'", '"franchise_id'": null, '"l1800a_cells'": null, '"l1800b_cells'": null, '"pta_district'": '"'", '"pta_province'": '"'", '"2g_locked_tag'": null, '"4g_locked_tag'": null, '"coverage_type'": '"'", '"technical_city'": '"'", '"commercial_city'": '"'", '"part_of_dec_cfo'": '"'", '"city_prefix_based'": '"'", '"commercial_region'": '"'", '"total_l18_ab_cells'": null, '"commercial_district'": '"'", '"commercial_subregion'": '"'", '"sharing_type_hostguest'": '"'"}]}"
30,Super Admin,admin@oko.com,12312312,Inserted,"{'"newSites'": [{'"2g'": '"'", '"4g'": '"'", '"bsc'": '"'", '"lat'": null, '"mbu'": '"'", '"long'": null, '"scope'": null, '"b2s_id'": '"'", '"prefix'": '"'", '"region'": '"'", '"vendor'": '"'", '"900_trx'": null, '"mmcells'": null, '"1800_trx'": null, '"2g_cells'": null, '"4g_cells'": null, '"bsc_code'": '"'", '"omo_name'": '"'", '"physical'": '"'", '"usf_site'": '"'", '"site_code'": '"0900'", '"site_type'": '"'", '"total_trx'": null, '"pta_tehsil'": '"'", '"4g_capacity'": '"'", '"l2100_cells'": null, '"l900a_cells'": null, '"pta_remarks'": null, '"site_status'": '"'", '"franchise_id'": null, '"l1800a_cells'": null, '"l1800b_cells'": null, '"pta_district'": '"'", '"pta_province'": '"'", '"2g_locked_tag'": null, '"4g_locked_tag'": null, '"coverage_type'": '"'", '"technical_city'": '"'", '"commercial_city'": '"'", '"part_of_dec_cfo'": '"'", '"city_prefix_based'": '"'", '"commercial_region'": '"'", '"total_l18_ab_cells'": null, '"commercial_district'": '"'", '"commercial_subregion'": '"'", '"sharing_type_hostguest'": '"'"}]}"
31,Super Admin,admin@oko.com,12312312,Edited,"{'"updatedSites'": [{'"2g'": '"'", '"4g'": '"'", '"bsc'": '"'", '"lat'": null, '"mbu'": '"'", '"long'": null, '"scope'": null, '"b2s_id'": '"'", '"prefix'": '"'", '"region'": '"'", '"vendor'": '"'", '"900_trx'": null, '"mmcells'": null, '"1800_trx'": null, '"2g_cells'": null, '"4g_cells'": null, '"bsc_code'": '"'", '"omo_name'": '"'", '"physical'": '"'", '"usf_site'": '"'", '"site_code'": '"090078'", '"site_type'": '"'", '"total_trx'": null, '"pta_tehsil'": '"'", '"4g_capacity'": '"'", '"l2100_cells'": null, '"l900a_cells'": null, '"pta_remarks'": null, '"site_status'": '"'", '"franchise_id'": null, '"l1800a_cells'": null, '"l1800b_cells'": null, '"pta_district'": '"'", '"pta_province'": '"'", '"2g_locked_tag'": null, '"4g_locked_tag'": null, '"coverage_type'": '"'", '"technical_city'": '"'", '"commercial_city'": '"'", '"part_of_dec_cfo'": '"'", '"city_prefix_based'": '"'", '"commercial_region'": '"'", '"total_l18_ab_cells'": null, '"commercial_district'": '"'", '"commercial_subregion'": '"'", '"sharing_type_hostguest'": '"'"}]}"
32,Super Admin,admin@oko.com,12312312,Inserted,"{'"newSites'": [{'"2g'": '"'", '"4g'": '"'", '"bsc'": '"'", '"lat'": null, '"mbu'": '"'", '"long'": null, '"scope'": null, '"b2s_id'": '"'", '"prefix'": '"'", '"region'": '"'", '"vendor'": '"'", '"900_trx'": null, '"mmcells'": null, '"1800_trx'": null, '"2g_cells'": null, '"4g_cells'": null, '"bsc_code'": '"'", '"omo_name'": '"'", '"physical'": '"'", '"usf_site'": '"'", '"site_code'": '"888'", '"site_type'": '"'", '"total_trx'": null, '"pta_tehsil'": '"'", '"4g_capacity'": '"'", '"l2100_cells'": null, '"l900a_cells'": null, '"pta_remarks'": null, '"site_status'": '"'", '"franchise_id'": null, '"l1800a_cells'": null, '"l1800b_cells'": null, '"pta_district'": '"'", '"pta_province'": '"'", '"2g_locked_tag'": null, '"4g_locked_tag'": null, '"coverage_type'": '"'", '"technical_city'": '"'", '"commercial_city'": '"'", '"part_of_dec_cfo'": '"'", '"city_prefix_based'": '"'", '"commercial_region'": '"'", '"total_l18_ab_cells'": null, '"commercial_district'": '"'", '"commercial_subregion'": '"'", '"sharing_type_hostguest'": '"'"}]}"
33,Super Admin,admin@oko.com,12312312,Edited,"{'"updatedSites'": [{'"2g'": '"'", '"4g'": '"'", '"bsc'": '"'", '"lat'": null, '"mbu'": '"'", '"long'": null, '"scope'": null, '"b2s_id'": '"'", '"prefix'": '"'", '"region'": '"'", '"vendor'": '"'", '"900_trx'": null, '"mmcells'": null, '"1800_trx'": null, '"2g_cells'": null, '"4g_cells'": null, '"bsc_code'": '"'", '"omo_name'": '"'", '"physical'": '"'", '"usf_site'": '"'", '"site_code'": '"888999'", '"site_type'": '"'", '"total_trx'": null, '"pta_tehsil'": '"'", '"4g_capacity'": '"'", '"l2100_cells'": null, '"l900a_cells'": null, '"pta_remarks'": null, '"site_status'": '"'", '"franchise_id'": null, '"l1800a_cells'": null, '"l1800b_cells'": null, '"pta_district'": '"'", '"pta_province'": '"'", '"2g_locked_tag'": null, '"4g_locked_tag'": null, '"coverage_type'": '"'", '"technical_city'": '"'", '"commercial_city'": '"'", '"part_of_dec_cfo'": '"'", '"city_prefix_based'": '"'", '"commercial_region'": '"'", '"total_l18_ab_cells'": null, '"commercial_district'": '"'", '"commercial_subregion'": '"'", '"sharing_type_hostguest'": '"'"}]}"
34,Super Admin,admin@oko.com,12312312,Edited,"{'"updatedSites'": [{'"2g'": '"'", '"4g'": '"'", '"bsc'": '"'", '"lat'": null, '"mbu'": '"'", '"long'": null, '"scope'": null, '"b2s_id'": '"'", '"prefix'": '"'", '"region'": '"'", '"vendor'": '"'", '"900_trx'": null, '"mmcells'": null, '"1800_trx'": null, '"2g_cells'": null, '"4g_cells'": null, '"bsc_code'": '"'", '"omo_name'": '"'", '"physical'": '"'", '"usf_site'": '"'", '"site_code'": '"8889990'", '"site_type'": '"'", '"total_trx'": null, '"pta_tehsil'": '"'", '"4g_capacity'": '"'", '"l2100_cells'": null, '"l900a_cells'": null, '"pta_remarks'": null, '"site_status'": '"'", '"franchise_id'": null, '"l1800a_cells'": null, '"l1800b_cells'": null, '"pta_district'": '"'", '"pta_province'": '"'", '"2g_locked_tag'": null, '"4g_locked_tag'": null, '"coverage_type'": '"'", '"technical_city'": '"'", '"commercial_city'": '"'", '"part_of_dec_cfo'": '"'", '"city_prefix_based'": '"'", '"commercial_region'": '"'", '"total_l18_ab_cells'": null, '"commercial_district'": '"'", '"commercial_subregion'": '"'", '"sharing_type_hostguest'": '"'"}]}"
35,Super Admin,admin@oko.com,12312312,Edited,"{'"updatedSites'": [{'"2g'": '"'", '"4g'": '"'", '"bsc'": '"'", '"lat'": null, '"mbu'": '"'", '"long'": null, '"scope'": null, '"b2s_id'": '"'", '"prefix'": '"'", '"region'": '"'", '"vendor'": '"'", '"900_trx'": null, '"mmcells'": null, '"1800_trx'": null, '"2g_cells'": null, '"4g_cells'": null, '"bsc_code'": '"'", '"omo_name'": '"'", '"physical'": '"'", '"usf_site'": '"'", '"site_code'": '"88899906'", '"site_type'": '"'", '"total_trx'": null, '"pta_tehsil'": '"'", '"4g_capacity'": '"'", '"l2100_cells'": null, '"l900a_cells'": null, '"pta_remarks'": null, '"site_status'": '"'", '"franchise_id'": null, '"l1800a_cells'": null, '"l1800b_cells'": null, '"pta_district'": '"'", '"pta_province'": '"'", '"2g_locked_tag'": null, '"4g_locked_tag'": null, '"coverage_type'": '"'", '"technical_city'": '"'", '"commercial_city'": '"'", '"part_of_dec_cfo'": '"'", '"city_prefix_based'": '"'", '"commercial_region'": '"'", '"total_l18_ab_cells'": null, '"commercial_district'": '"'", '"commercial_subregion'": '"'", '"sharing_type_hostguest'": '"'"}]}"
36,Super Admin,admin@oko.com,12312312,Inserted: 0 | Updated: 0 | Deleted: 0 | Total Records: 0,"{'"newSite'": [{'"2g'": '"2G'", '"4g'": '"4G'", '"bsc'": '"RYK317Z'", '"lat'": 28.79966, '"mbu'": '"C7-KNP-06'", '"long'": 70.92661, '"scope'": null, '"b2s_id'": '"MFZ005'", '"prefix'": '"ABB'", '"region'": '"Central B'", '"vendor'": '"ZTE'", '"900_trx'": 10, '"mmcells'": null, '"1800_trx'": 4, '"2g_cells'": 3, '"4g_cells'": 3, '"bsc_code'": '"RYK317Z_MGW_2'", '"omo_name'": '"Telenor'", '"physical'": '"2G+4G'", '"usf_site'": '"Yes'", '"site_code'": '"ABB4360'", '"site_type'": '"Own Built'", '"total_trx'": 14, '"pta_tehsil'": '"LIAQUATPUR TEHSIL'", '"4g_capacity'": '"2T2R'", '"l2100_cells'": 0, '"l900a_cells'": 0, '"pta_remarks'": null, '"site_status'": '"Active'", '"franchise_id'": 7639, '"l1800a_cells'": 3, '"l1800b_cells'": 0, '"pta_district'": '"RAHIM YAR KHAN'", '"pta_province'": '"PUNJAB'", '"2g_locked_tag'": null, '"4g_locked_tag'": null, '"coverage_type'": '"Macro'", '"technical_city'": '"Abbasia'", '"commercial_city'": '"Liaqatpur_Rural'", '"part_of_dec_cfo_'": '"Yes'", '"city_prefix_based'": '"Abbasia'", '"commercial_region'": '"Central B'", '"total_l18_ab_cells'": 3, '"commercial_district'": '"Rahim Yar Khan'", '"commercial_subregion'": '"Central 7'", '"sharing_type_hostguest'": '"Host'"}], '"deletedSite'": [{'"2g'": '"2G'", '"4g'": '"4G'", '"id'": 11, '"bsc'": '"ISB006H'", '"lat'": '"34.831100'", '"mbu'": '"N3-GLT-04'", '"long'": '"73.055900'", '"scope'": null, '"b2s_id'": '"asdasd'", '"prefix'": '"AAL'", '"reason'": null, '"region'": '"North'", '"vendor'": '"Huawei'", '"900_trx'": 7, '"mmcells'": '"No 4G'", '"site_to'": null, '"1800_trx'": 0, '"2g_cells'": 3, '"4g_cells'": '"No 4G'", '"archived'": false, '"bsc_code'": '"ISB006H__I10_ISB_6'", '"omo_name'": '"dasda'", '"physical'": '"4G'", '"usf_site'": '"No'", '"site_code'": '"AAL22521'", '"site_from'": null, '"site_type'": '"Own Built'", '"total_trx'": 7, '"pta_tehsil'": '"ALLAI TEHSIL'", '"4g_capacity'": '"No 4G'", '"l2100_cells'": '"No 4G'", '"l900a_cells'": '"No 4G'", '"pta_remarks'": '"asdas'", '"site_status'": '"Active'", '"franchise_id'": 7271, '"l1800a_cells'": '"No 4G'", '"l1800b_cells'": '"No 4G'", '"pta_district'": '"BATAGRAM'", '"pta_province'": '"KHYBER PAKHTUNKHWA'", '"2g_locked_tag'": '"asdas'", '"4g_locked_tag'": '"asdas'", '"archived_type'": null, '"coverage_type'": '"Macro'", '"locked_status'": null, '"technical_city'": '"Alai'", '"commercial_city'": '"Battagram_Rural'", '"part_of_dec_cfo'": null, '"city_prefix_based'": '"Alai'", '"commercial_region'": '"North'", '"total_l18_ab_cells'": '"No 4G'", '"commercial_district'": '"Batagram'", '"commercial_subregion'": '"North 3'", '"sharing_type_hostguest'": '"asdas'"}], '"updatedSites'": []}"
37,Super Admin,admin@oko.com,12312312,Inserted,"{'"newSites'": [{'"2g'": '"'", '"4g'": '"'", '"bsc'": '"'", '"lat'": null, '"mbu'": '"'", '"long'": null, '"scope'": null, '"b2s_id'": '"'", '"prefix'": '"'", '"region'": '"'", '"vendor'": '"'", '"900_trx'": null, '"mmcells'": null, '"1800_trx'": null, '"2g_cells'": null, '"4g_cells'": null, '"bsc_code'": '"'", '"omo_name'": '"'", '"physical'": '"'", '"usf_site'": '"'", '"site_code'": '"897987'", '"site_type'": '"'", '"total_trx'": null, '"pta_tehsil'": '"'", '"4g_capacity'": '"'", '"l2100_cells'": null, '"l900a_cells'": null, '"pta_remarks'": null, '"site_status'": '"'", '"franchise_id'": null, '"l1800a_cells'": null, '"l1800b_cells'": null, '"pta_district'": '"'", '"pta_province'": '"'", '"2g_locked_tag'": null, '"4g_locked_tag'": null, '"coverage_type'": '"'", '"technical_city'": '"'", '"commercial_city'": '"'", '"part_of_dec_cfo'": '"'", '"city_prefix_based'": '"'", '"commercial_region'": '"'", '"total_l18_ab_cells'": null, '"commercial_district'": '"'", '"commercial_subregion'": '"'", '"sharing_type_hostguest'": '"'"}]}"
38,Super Admin,admin@oko.com,12312312,Inserted,"{'"newSites'": [{'"2g'": '"'", '"4g'": '"'", '"bsc'": '"'", '"lat'": null, '"mbu'": '"'", '"long'": null, '"scope'": null, '"b2s_id'": '"'", '"prefix'": '"'", '"region'": '"'", '"vendor'": '"'", '"900_trx'": null, '"mmcells'": null, '"1800_trx'": null, '"2g_cells'": null, '"4g_cells'": null, '"bsc_code'": '"'", '"omo_name'": '"'", '"physical'": '"'", '"usf_site'": '"'", '"site_code'": '"8881212'", '"site_type'": '"'", '"total_trx'": null, '"pta_tehsil'": '"'", '"4g_capacity'": '"'", '"l2100_cells'": null, '"l900a_cells'": null, '"pta_remarks'": null, '"site_status'": '"'", '"franchise_id'": null, '"l1800a_cells'": null, '"l1800b_cells'": null, '"pta_district'": '"'", '"pta_province'": '"'", '"2g_locked_tag'": null, '"4g_locked_tag'": null, '"coverage_type'": '"'", '"technical_city'": '"'", '"commercial_city'": '"'", '"part_of_dec_cfo'": '"'", '"city_prefix_based'": '"'", '"commercial_region'": '"'", '"total_l18_ab_cells'": null, '"commercial_district'": '"'", '"commercial_subregion'": '"'", '"sharing_type_hostguest'": '"'"}]}"
39,Super Admin,admin@oko.com,12312312,Inserted: 0 | Updated: 0 | Deleted: 0 | Total Records: 0,"{'"newSite'": [], '"deletedSite'": [], '"updatedSites'": []}"
40,Super Admin,admin@oko.com,12312312,Inserted: 0 | Updated: 0 | Deleted: 0 | Total Records: 0,"{'"newSite'": [{'"2g'": '"2G'", '"4g'": '"4G'", '"id'": 1, '"bsc'": '"ISB006H'", '"lat'": '"34.831100'", '"mbu'": '"N3-GLT-04'", '"long'": '"73.055900'", '"scope'": '"asdas'", '"b2s_id'": '"asdasd'", '"prefix'": '"AAL'", '"reason'": null, '"region'": '"North'", '"vendor'": '"Huawei'", '"900_trx'": 7, '"mmcells'": '"No 4G'", '"site_to'": null, '"1800_trx'": null, '"2g_cells'": 3, '"4g_cells'": '"No 4G'", '"archived'": null, '"bsc_code'": '"ISB006H__I10_ISB_6'", '"omo_name'": '"dasda'", '"physical'": '"4G'", '"usf_site'": '"No'", '"site_code'": '"AAL2251'", '"site_from'": null, '"site_type'": '"Own Built'", '"total_trx'": 7, '"pta_tehsil'": '"ALLAI TEHSIL'", '"4g_capacity'": '"No 4G'", '"l2100_cells'": '"No 4G'", '"l900a_cells'": '"No 4G'", '"pta_remarks'": '"asdas'", '"site_status'": '"Active'", '"franchise_id'": 7271, '"l1800a_cells'": '"No 4G'", '"l1800b_cells'": '"No 4G'", '"pta_district'": '"BATAGRAM'", '"pta_province'": '"KHYBER PAKHTUNKHWA'", '"2g_locked_tag'": '"asdas'", '"4g_locked_tag'": '"asdas'", '"archived_type'": null, '"coverage_type'": '"Macro'", '"locked_status'": null, '"technical_city'": '"Alai'", '"commercial_city'": '"Battagram_Rural'", '"part_of_dec_cfo'": '"Yes'", '"city_prefix_based'": '"Alai'", '"commercial_region'": '"North'", '"total_l18_ab_cells'": '"No 4G'", '"commercial_district'": '"Batagram'", '"commercial_subregion'": '"North 3'", '"sharing_type_hostguest'": '"asdas'"}], '"deletedSite'": [{'"2g'": '"2G'", '"4g'": '"4G'", '"id'": 12, '"bsc'": '"RYK317Z'", '"lat'": '"28.737605'", '"mbu'": '"C7-KNP-06'", '"long'": '"70.956105'", '"scope'": null, '"b2s_id'": '"ES2-LQP-01977'", '"prefix'": '"ABB'", '"reason'": null, '"region'": '"Central B'", '"vendor'": '"ZTE'", '"900_trx'": 14, '"mmcells'": null, '"site_to'": null, '"1800_trx'": 2, '"2g_cells'": 3, '"4g_cells'": '"3'", '"archived'": false, '"bsc_code'": '"RYK317Z_MGW_2'", '"omo_name'": '"Enfrashare'", '"physical'": '"2G+4G'", '"usf_site'": '"No'", '"site_code'": '"ABB38323214'", '"site_from'": null, '"site_type'": '"Tower co B2S'", '"total_trx'": 16, '"pta_tehsil'": '"LIAQUATPUR TEHSIL'", '"4g_capacity'": '"2T2R'", '"l2100_cells'": '"0'", '"l900a_cells'": '"0'", '"pta_remarks'": null, '"site_status'": '"Active'", '"franchise_id'": 7639, '"l1800a_cells'": '"3'", '"l1800b_cells'": '"0'", '"pta_district'": '"RAHIM YAR KHAN'", '"pta_province'": '"PUNJAB'", '"2g_locked_tag'": null, '"4g_locked_tag'": null, '"archived_type'": null, '"coverage_type'": '"Macro'", '"locked_status'": '"Locked'", '"technical_city'": '"Rural'", '"commercial_city'": '"Liaqatpur_Rural'", '"part_of_dec_cfo'": null, '"city_prefix_based'": '"Abbasia'", '"commercial_region'": '"Central B'", '"total_l18_ab_cells'": '"3'", '"commercial_district'": '"Rahim Yar Khan'", '"commercial_subregion'": '"Central 7'", '"sharing_type_hostguest'": '"Guest'"}], '"updatedSites'": []}"
41,Super Admin,admin@oko.com,12312312,Inserted: 0 | Updated: 0 | Deleted: 0 | Total Records: 0,"{'"newSite'": [{'"2g'": '"2G'", '"4g'": '"4G'", '"id'": 1, '"bsc'": '"ISB006H'", '"lat'": '"34.831100'", '"mbu'": '"N3-GLT-04'", '"long'": '"73.055900'", '"scope'": '"asdas'", '"b2s_id'": '"asdasd'", '"prefix'": '"AAL'", '"reason'": null, '"region'": '"North'", '"vendor'": '"Huawei'", '"900_trx'": 7, '"mmcells'": '"No 4G'", '"site_to'": null, '"1800_trx'": null, '"2g_cells'": 3, '"4g_cells'": '"No 4G'", '"archived'": null, '"bsc_code'": '"ISB006H__I10_ISB_6'", '"omo_name'": '"dasda'", '"physical'": '"4G'", '"usf_site'": '"No'", '"site_code'": '"AAL2251'", '"site_from'": null, '"site_type'": '"Own Built'", '"total_trx'": 7, '"pta_tehsil'": '"ALLAI TEHSIL'", '"4g_capacity'": '"No 4G'", '"l2100_cells'": '"No 4G'", '"l900a_cells'": '"No 4G'", '"pta_remarks'": '"asdas'", '"site_status'": '"Active'", '"franchise_id'": 7271, '"l1800a_cells'": '"No 4G'", '"l1800b_cells'": '"No 4G'", '"pta_district'": '"BATAGRAM'", '"pta_province'": '"KHYBER PAKHTUNKHWA'", '"2g_locked_tag'": '"asdas'", '"4g_locked_tag'": '"asdas'", '"archived_type'": null, '"coverage_type'": '"Macro'", '"locked_status'": null, '"technical_city'": '"Alai'", '"commercial_city'": '"Battagram_Rural'", '"part_of_dec_cfo'": '"Yes'", '"city_prefix_based'": '"Alai'", '"commercial_region'": '"North'", '"total_l18_ab_cells'": '"No 4G'", '"commercial_district'": '"Batagram'", '"commercial_subregion'": '"North 3'", '"sharing_type_hostguest'": '"asdas'"}], '"deletedSite'": [{'"2g'": '"2G'", '"4g'": '"4G'", '"id'": 12, '"bsc'": '"RYK317Z'", '"lat'": '"28.737605'", '"mbu'": '"C7-KNP-06'", '"long'": '"70.956105'", '"scope'": null, '"b2s_id'": '"ES2-LQP-01977'", '"prefix'": '"ABB'", '"reason'": null, '"region'": '"Central B'", '"vendor'": '"ZTE'", '"900_trx'": 14, '"mmcells'": null, '"site_to'": null, '"1800_trx'": 2, '"2g_cells'": 3, '"4g_cells'": '"3'", '"archived'": false, '"bsc_code'": '"RYK317Z_MGW_2'", '"omo_name'": '"Enfrashare'", '"physical'": '"2G+4G'", '"usf_site'": '"No'", '"site_code'": '"ABB38323214'", '"site_from'": null, '"site_type'": '"Tower co B2S'", '"total_trx'": 16, '"pta_tehsil'": '"LIAQUATPUR TEHSIL'", '"4g_capacity'": '"2T2R'", '"l2100_cells'": '"0'", '"l900a_cells'": '"0'", '"pta_remarks'": null, '"site_status'": '"Active'", '"franchise_id'": 7639, '"l1800a_cells'": '"3'", '"l1800b_cells'": '"0'", '"pta_district'": '"RAHIM YAR KHAN'", '"pta_province'": '"PUNJAB'", '"2g_locked_tag'": null, '"4g_locked_tag'": null, '"archived_type'": null, '"coverage_type'": '"Macro'", '"locked_status'": '"Locked'", '"technical_city'": '"Rural'", '"commercial_city'": '"Liaqatpur_Rural'", '"part_of_dec_cfo'": null, '"city_prefix_based'": '"Abbasia'", '"commercial_region'": '"Central B'", '"total_l18_ab_cells'": '"3'", '"commercial_district'": '"Rahim Yar Khan'", '"commercial_subregion'": '"Central 7'", '"sharing_type_hostguest'": '"Guest'"}], '"updatedSites'": []}"
42,Super Admin,admin@oko.com,12312312,Inserted: 0 | Updated: 0 | Deleted: 0 | Total Records: 0,"{'"newSite'": [], '"deletedSite'": [], '"updatedSites'": []}"
43,Super Admin,admin@oko.com,12312312,Edited,"{'"updatedSites'": [{'"2g'": '"2G'", '"4g'": '"4G'", '"bsc'": '"ISB006H'", '"lat'": '"34.831100'", '"mbu'": '"N3-GLT-04'", '"long'": '"73.055900'", '"scope'": '"asdas'", '"b2s_id'": '"asdasd'", '"prefix'": '"AAL'", '"region'": '"North'", '"vendor'": '"Huawei'", '"900_trx'": 7, '"mmcells'": '"No 4G'", '"1800_trx'": null, '"2g_cells'": 3, '"4g_cells'": '"No 4G'", '"bsc_code'": '"ISB006H__I10_ISB_6'", '"omo_name'": '"dasda'", '"physical'": '"4G'", '"usf_site'": '"No'", '"site_code'": '"AAL22521'", '"site_type'": '"Own Built'", '"total_trx'": 7, '"pta_tehsil'": '"ALLAI TEHSIL'", '"4g_capacity'": '"No 4G'", '"l2100_cells'": '"No 4G'", '"l900a_cells'": '"No 4G'", '"pta_remarks'": '"asdas'", '"site_status'": '"Active'", '"franchise_id'": 7271, '"l1800a_cells'": '"No 4G'", '"l1800b_cells'": '"No 4G'", '"pta_district'": '"BATAGRAM'", '"pta_province'": '"KHYBER PAKHTUNKHWA'", '"2g_locked_tag'": '"asdas'", '"4g_locked_tag'": '"asdas'", '"coverage_type'": '"Macro'", '"technical_city'": '"Alai'", '"commercial_city'": '"Battagram_Rural'", '"part_of_dec_cfo'": '"Yes'", '"city_prefix_based'": '"Alai'", '"commercial_region'": '"North'", '"total_l18_ab_cells'": '"No 4G'", '"commercial_district'": '"Batagram'", '"commercial_subregion'": '"North 3'", '"sharing_type_hostguest'": '"asdas'"}]}"
44,Super Admin,admin@oko.com,12312312,Edited,"{'"updatedSites'": [{'"2g'": '"2G'", '"4g'": '"4G'", '"bsc'": '"ISB006H'", '"lat'": '"34.831100'", '"mbu'": '"N3-GLT-04'", '"long'": '"73.055900'", '"scope'": '"asdas'", '"b2s_id'": '"asdasd'", '"prefix'": '"AAL'", '"region'": '"North'", '"vendor'": '"Huawei'", '"900_trx'": 7, '"mmcells'": '"No 4G'", '"1800_trx'": null, '"2g_cells'": 3, '"4g_cells'": '"No 4G'", '"bsc_code'": '"ISB006H__I10_ISB_6'", '"omo_name'": '"dasda'", '"physical'": '"4G'", '"usf_site'": '"No'", '"site_code'": '"AAL22521'", '"site_type'": '"Own Built'", '"total_trx'": 7, '"pta_tehsil'": '"ALLAI TEHSIL'", '"4g_capacity'": '"No 4G'", '"l2100_cells'": '"No 4G'", '"l900a_cells'": '"No 4G'", '"pta_remarks'": '"asdas'", '"site_status'": '"Active'", '"franchise_id'": 7271, '"l1800a_cells'": '"No 4G'", '"l1800b_cells'": '"No 4G'", '"pta_district'": '"BATAGRAM'", '"pta_province'": '"KHYBER PAKHTUNKHWA'", '"2g_locked_tag'": '"asdas'", '"4g_locked_tag'": '"asdas'", '"coverage_type'": '"Macro'", '"technical_city'": '"Alai'", '"commercial_city'": '"Battagram_Rural'", '"part_of_dec_cfo'": '"Yes'", '"city_prefix_based'": '"Alai'", '"commercial_region'": '"North'", '"total_l18_ab_cells'": '"No 4G'", '"commercial_district'": '"Batagram'", '"commercial_subregion'": '"North 3'", '"sharing_type_hostguest'": '"asdas'"}]}"
45,Super Admin,admin@oko.com,12312312,Edited,"{'"updatedSites'": [{'"2g'": null, '"4g'": null, '"bsc'": '"ISB006H'", '"lat'": '"34.831100'", '"mbu'": '"N3-GLT-04'", '"long'": '"73.055900'", '"scope'": '"asdas'", '"b2s_id'": '"asdasd'", '"prefix'": '"AAL'", '"region'": null, '"vendor'": null, '"900_trx'": 7, '"mmcells'": '"No 4G'", '"1800_trx'": null, '"2g_cells'": 3, '"4g_cells'": '"No 4G'", '"bsc_code'": '"ISB006H__I10_ISB_6'", '"omo_name'": '"dasda'", '"physical'": null, '"usf_site'": '"No'", '"site_code'": '"AAL22521'", '"site_type'": '"Own Built'", '"total_trx'": 7, '"pta_tehsil'": '"ALLAI TEHSIL'", '"4g_capacity'": '"No 4G'", '"l2100_cells'": '"No 4G'", '"l900a_cells'": '"No 4G'", '"pta_remarks'": '"asdas'", '"site_status'": '"Active'", '"franchise_id'": 7271, '"l1800a_cells'": '"No 4G'", '"l1800b_cells'": '"No 4G'", '"pta_district'": '"BATAGRAM'", '"pta_province'": '"KHYBER PAKHTUNKHWA'", '"2g_locked_tag'": '"asdas'", '"4g_locked_tag'": '"asdas'", '"coverage_type'": '"Macro'", '"technical_city'": '"Alai'", '"commercial_city'": '"Battagram_Rural'", '"part_of_dec_cfo'": '"Yes'", '"city_prefix_based'": '"Alai'", '"commercial_region'": '"North'", '"total_l18_ab_cells'": '"No 4G'", '"commercial_district'": '"Batagram'", '"commercial_subregion'": '"North 3'", '"sharing_type_hostguest'": '"asdas'"}]}"
46,Super Admin,admin@oko.com,12312312,Inserted: 0 | Updated: 1 | Deleted: 0 | Total Records: 1,"{'"newSite'": [{'"2g'": '"2G'", '"4g'": '"4G'", '"id'": 8, '"bsc'": '"ISB006H'", '"lat'": '"34.831100'", '"mbu'": '"N3-GLT-04'", '"long'": '"73.055900'", '"scope'": '"asdas'", '"b2s_id'": '"asdasd'", '"prefix'": '"AAL'", '"reason'": null, '"region'": '"North'", '"vendor'": '"Huawei'", '"900_trx'": 7, '"mmcells'": '"No 4G'", '"site_to'": null, '"1800_trx'": null, '"2g_cells'": 3, '"4g_cells'": '"No 4G'", '"archived'": null, '"bsc_code'": '"ISB006H__I10_ISB_6'", '"omo_name'": '"dasda'", '"physical'": '"4G'", '"usf_site'": '"No'", '"site_code'": '"AAL22521'", '"site_from'": null, '"site_type'": '"Own Built'", '"total_trx'": 7, '"pta_tehsil'": '"ALLAI TEHSIL'", '"4g_capacity'": '"No 4G'", '"l2100_cells'": '"No 4G'", '"l900a_cells'": '"No 4G'", '"pta_remarks'": '"asdas'", '"site_status'": '"Active'", '"franchise_id'": 7271, '"l1800a_cells'": '"No 4G'", '"l1800b_cells'": '"No 4G'", '"pta_district'": '"BATAGRAM'", '"pta_province'": '"KHYBER PAKHTUNKHWA'", '"2g_locked_tag'": '"asdas'", '"4g_locked_tag'": '"asdas'", '"archived_type'": null, '"coverage_type'": '"Macro'", '"locked_status'": null, '"technical_city'": '"Alai'", '"commercial_city'": '"Battagram_Rural'", '"part_of_dec_cfo'": '"Yes'", '"city_prefix_based'": '"Alai'", '"commercial_region'": '"North'", '"total_l18_ab_cells'": '"No 4G'", '"commercial_district'": '"Batagram'", '"commercial_subregion'": '"North 3'", '"sharing_type_hostguest'": '"asdas'"}], '"deletedSite'": [], '"updatedSites'": [{'"2g'": '"2G'", '"4g'": '"4G'", '"id'": 12, '"bsc'": '"RYK317Z'", '"lat'": '"28.737605'", '"mbu'": '"C7-KNP-06'", '"long'": '"70.956105'", '"scope'": null, '"b2s_id'": '"ES2-LQP-01977'", '"prefix'": '"ABB'", '"reason'": null, '"region'": '"Central B'", '"vendor'": '"ZTE'", '"900_trx'": 14, '"mmcells'": null, '"site_to'": null, '"1800_trx'": 2, '"2g_cells'": 3, '"4g_cells'": '"3'", '"archived'": null, '"bsc_code'": '"RYK317Z_MGW_2'", '"omo_name'": '"Enfrashare'", '"physical'": '"2G+4G'", '"usf_site'": '"No'", '"site_code'": '"ABB38323214'", '"site_from'": null, '"site_type'": '"Tower co B2S'", '"total_trx'": 16, '"pta_tehsil'": '"LIAQUATPUR TEHSIL'", '"4g_capacity'": '"2T2R'", '"l2100_cells'": '"0'", '"l900a_cells'": '"0'", '"pta_remarks'": null, '"site_status'": '"Active'", '"franchise_id'": 7639, '"l1800a_cells'": '"3'", '"l1800b_cells'": '"0'", '"pta_district'": '"RAHIM YAR KHAN'", '"pta_province'": '"PUNJAB'", '"2g_locked_tag'": null, '"4g_locked_tag'": null, '"archived_type'": null, '"coverage_type'": '"Macro'", '"locked_status'": '"Locked'", '"technical_city'": '"Rural'", '"commercial_city'": '"Liaqatpur_Rural'", '"part_of_dec_cfo'": null, '"city_prefix_based'": '"Abbasia'", '"commercial_region'": '"Central B'", '"total_l18_ab_cells'": '"3'", '"commercial_district'": '"Rahim Yar Khan'", '"commercial_subregion'": '"Central 7'", '"sharing_type_hostguest'": '"Guest'"}]}"
47,Super Admin,admin@oko.com,12312312,Inserted: 0 | Updated: 1 | Deleted: 0 | Total Records: 1,"{'"newSite'": [{'"2g'": '"2G'", '"4g'": '"4G'", '"bsc'": '"ISB006H'", '"lat'": '"34.831100'", '"mbu'": '"N3-GLT-04'", '"long'": '"73.055900'", '"scope'": '"asdas'", '"b2s_id'": '"asdasd'", '"prefix'": '"AAL'", '"region'": '"North'", '"vendor'": '"Huawei'", '"900_trx'": 7, '"mmcells'": '"No 4G'", '"1800_trx'": 2, '"2g_cells'": 3, '"4g_cells'": '"No 4G'", '"bsc_code'": '"ISB006H__I10_ISB_6'", '"omo_name'": '"dasda'", '"physical'": '"4G'", '"usf_site'": '"No'", '"site_code'": '"AAL2251'", '"site_type'": '"Own Built'", '"total_trx'": 7, '"pta_tehsil'": '"ALLAI TEHSIL'", '"4g_capacity'": '"No 4G'", '"l2100_cells'": '"No 4G'", '"l900a_cells'": '"No 4G'", '"pta_remarks'": '"asdas'", '"site_status'": '"Active'", '"franchise_id'": 7271, '"l1800a_cells'": '"No 4G'", '"l1800b_cells'": '"No 4G'", '"pta_district'": '"BATAGRAM'", '"pta_province'": '"KHYBER PAKHTUNKHWA'", '"2g_locked_tag'": '"asdas'", '"4g_locked_tag'": '"asdas'", '"coverage_type'": '"Macro'", '"technical_city'": '"Alai'", '"commercial_city'": '"Battagram_Rural'", '"part_of_dec_cfo'": '"Yes'", '"city_prefix_based'": '"Alai'", '"commercial_region'": '"North'", '"total_l18_ab_cells'": '"No 4G'", '"commercial_district'": '"Batagram'", '"commercial_subregion'": '"North 3'", '"sharing_type_hostguest'": '"asdas'"}], '"deletedSite'": [{'"2g'": '"'", '"4g'": '"'", '"id'": 20, '"bsc'": '"'", '"lat'": null, '"mbu'": '"'", '"long'": null, '"scope'": null, '"b2s_id'": '"'", '"prefix'": '"'", '"reason'": null, '"region'": '"'", '"vendor'": '"'", '"900_trx'": null, '"mmcells'": null, '"site_to'": null, '"1800_trx'": null, '"2g_cells'": null, '"4g_cells'": null, '"archived'": false, '"bsc_code'": '"'", '"omo_name'": '"'", '"physical'": '"'", '"usf_site'": '"'", '"site_code'": '"897987'", '"site_from'": null, '"site_type'": '"'", '"total_trx'": null, '"pta_tehsil'": '"'", '"4g_capacity'": '"'", '"l2100_cells'": null, '"l900a_cells'": null, '"pta_remarks'": null, '"site_status'": '"'", '"franchise_id'": null, '"l1800a_cells'": null, '"l1800b_cells'": null, '"pta_district'": '"'", '"pta_province'": '"'", '"2g_locked_tag'": null, '"4g_locked_tag'": null, '"archived_type'": null, '"coverage_type'": '"'", '"locked_status'": null, '"technical_city'": '"'", '"commercial_city'": '"'", '"part_of_dec_cfo'": '"'", '"city_prefix_based'": '"'", '"commercial_region'": '"'", '"total_l18_ab_cells'": null, '"commercial_district'": '"'", '"commercial_subregion'": '"'", '"sharing_type_hostguest'": '"'"}], '"updatedSites'": [{'"2g'": '"2G'", '"4g'": '"4G'", '"bsc'": '"ISB006H'", '"lat'": '"34.831100'", '"mbu'": '"N3-GLT-04'", '"long'": '"73.055900'", '"scope'": '"asdas'", '"b2s_id'": '"asdasd'", '"prefix'": '"AAL'", '"region'": '"North'", '"vendor'": '"Huawei'", '"900_trx'": 7, '"mmcells'": '"No 4G'", '"1800_trx'": 1, '"2g_cells'": 3, '"4g_cells'": '"No 4G'", '"bsc_code'": '"ISB006H__I10_ISB_6'", '"omo_name'": '"dasda'", '"physical'": '"4G'", '"usf_site'": '"No'", '"site_code'": '"AAL22521'", '"site_type'": '"Own Built'", '"total_trx'": 7, '"pta_tehsil'": '"ALLAI TEHSIL'", '"4g_capacity'": '"No 4G'", '"l2100_cells'": '"No 4G'", '"l900a_cells'": '"No 4G'", '"pta_remarks'": '"asdas'", '"site_status'": '"Active'", '"franchise_id'": 7271, '"l1800a_cells'": '"No 4G'", '"l1800b_cells'": '"No 4G'", '"pta_district'": '"BATAGRAM'", '"pta_province'": '"KHYBER PAKHTUNKHWA'", '"2g_locked_tag'": '"asdas'", '"4g_locked_tag'": '"asdas'", '"coverage_type'": '"Macro'", '"technical_city'": '"Alai'", '"commercial_city'": '"Battagram_Rural'", '"part_of_dec_cfo'": '"Yes'", '"city_prefix_based'": '"Alai'", '"commercial_region'": '"North'", '"total_l18_ab_cells'": '"No 4G'", '"commercial_district'": '"Batagram'", '"commercial_subregion'": '"North 3'", '"sharing_type_hostguest'": '"asdas'"}]}"
48,Super Admin,admin@oko.com,12312312,Inserted: 0 | Updated: 1 | Deleted: 0 | Total Records: 1,"{'"newSite'": [{'"2g'": '"2G'", '"4g'": '"4G'", '"bsc'": '"ISB006H'", '"lat'": '"34.831100'", '"mbu'": '"N3-GLT-04'", '"long'": '"73.055900'", '"scope'": '"asdas'", '"b2s_id'": '"asdasd'", '"prefix'": '"AAL'", '"region'": '"North'", '"vendor'": '"Huawei'", '"900_trx'": 7, '"mmcells'": '"No 4G'", '"1800_trx'": 2, '"2g_cells'": 3, '"4g_cells'": '"No 4G'", '"bsc_code'": '"ISB006H__I10_ISB_6'", '"omo_name'": '"dasda'", '"physical'": '"4G'", '"usf_site'": '"No'", '"site_code'": '"AAL2251'", '"site_type'": '"Own Built'", '"total_trx'": 7, '"pta_tehsil'": '"ALLAI TEHSIL'", '"4g_capacity'": '"No 4G'", '"l2100_cells'": '"No 4G'", '"l900a_cells'": '"No 4G'", '"pta_remarks'": '"asdas'", '"site_status'": '"Active'", '"franchise_id'": 7271, '"l1800a_cells'": '"No 4G'", '"l1800b_cells'": '"No 4G'", '"pta_district'": '"BATAGRAM'", '"pta_province'": '"KHYBER PAKHTUNKHWA'", '"2g_locked_tag'": '"asdas'", '"4g_locked_tag'": '"asdas'", '"coverage_type'": '"Macro'", '"technical_city'": '"Alai'", '"commercial_city'": '"Battagram_Rural'", '"part_of_dec_cfo'": '"Yes'", '"city_prefix_based'": '"Alai'", '"commercial_region'": '"North'", '"total_l18_ab_cells'": '"No 4G'", '"commercial_district'": '"Batagram'", '"commercial_subregion'": '"North 3'", '"sharing_type_hostguest'": '"asdas'"}], '"deletedSite'": [], '"updatedSites'": [{'"2g'": '"2G'", '"4g'": '"4G'", '"bsc'": '"RYK317Z'", '"lat'": '"28.737605'", '"mbu'": '"C7-KNP-06'", '"long'": '"70.956105'", '"scope'": '"sadas'", '"b2s_id'": '"ES2-LQP-01977'", '"prefix'": '"ABB'", '"region'": '"Central B'", '"vendor'": '"ZTE'", '"900_trx'": 14, '"mmcells'": null, '"1800_trx'": 2, '"2g_cells'": 3, '"4g_cells'": '"3'", '"bsc_code'": '"RYK317Z_MGW_2'", '"omo_name'": '"Enfrashare'", '"physical'": '"2G+4G'", '"usf_site'": '"No'", '"site_code'": '"BBB38323214'", '"site_type'": '"Tower co B2S'", '"total_trx'": 16, '"pta_tehsil'": '"LIAQUATPUR TEHSIL'", '"4g_capacity'": '"2T2R'", '"l2100_cells'": '"0'", '"l900a_cells'": '"0'", '"pta_remarks'": '"sa'", '"site_status'": '"Active'", '"franchise_id'": 7639, '"l1800a_cells'": '"3'", '"l1800b_cells'": '"0'", '"pta_district'": '"RAHIM YAR KHAN'", '"pta_province'": '"PUNJAB'", '"2g_locked_tag'": '"das'", '"4g_locked_tag'": '"sad'", '"coverage_type'": '"Macro'", '"technical_city'": '"Rural'", '"commercial_city'": '"Liaqatpur_Rural'", '"part_of_dec_cfo'": '"Yes'", '"city_prefix_based'": '"Abbasia'", '"commercial_region'": '"Central B'", '"total_l18_ab_cells'": '"3'", '"commercial_district'": '"Rahim Yar Khan'", '"commercial_subregion'": '"Central 7'", '"sharing_type_hostguest'": '"Guest'"}]}"
49,Super Admin,admin@oko.com,12312312,Inserted,"{'"newSites'": [{'"2g'": '"2G'", '"4g'": '"2G'", '"bsc'": '"'", '"lat'": null, '"mbu'": '"'", '"long'": null, '"scope'": null, '"b2s_id'": '"'", '"prefix'": '"'", '"region'": '"'", '"vendor'": '"'", '"900_trx'": null, '"mmcells'": null, '"1800_trx'": null, '"2g_cells'": null, '"4g_cells'": null, '"bsc_code'": '"'", '"omo_name'": '"'", '"physical'": '"'", '"usf_site'": '"'", '"site_code'": '"abcg564546'", '"site_type'": '"'", '"total_trx'": null, '"pta_tehsil'": '"'", '"4g_capacity'": '"'", '"l2100_cells'": null, '"l900a_cells'": null, '"pta_remarks'": null, '"site_status'": '"'", '"franchise_id'": null, '"l1800a_cells'": null, '"l1800b_cells'": null, '"pta_district'": '"'", '"pta_province'": '"'", '"2g_locked_tag'": null, '"4g_locked_tag'": null, '"coverage_type'": '"'", '"technical_city'": '"'", '"commercial_city'": '"'", '"part_of_dec_cfo'": '"'", '"city_prefix_based'": '"'", '"commercial_region'": '"'", '"total_l18_ab_cells'": null, '"commercial_district'": '"'", '"commercial_subregion'": '"'", '"sharing_type_hostguest'": '"'"}]}"
50,Super Admin,admin@oko.com,12312312,Inserted: 0 | Updated: 0 | Deleted: 0 | Total Records: 0,"{'"newSite'": [], '"deletedSite'": [{'"2g'": '"'", '"4g'": '"'", '"id'": 20, '"bsc'": '"'", '"lat'": null, '"mbu'": '"'", '"long'": null, '"scope'": null, '"b2s_id'": '"'", '"prefix'": '"'", '"reason'": null, '"region'": '"'", '"vendor'": '"'", '"900_trx'": null, '"mmcells'": null, '"site_to'": null, '"1800_trx'": null, '"2g_cells'": null, '"4g_cells'": null, '"archived'": false, '"bsc_code'": '"'", '"omo_name'": '"'", '"physical'": '"'", '"usf_site'": '"'", '"site_code'": '"897987'", '"site_from'": null, '"site_type'": '"'", '"total_trx'": null, '"pta_tehsil'": '"'", '"4g_capacity'": '"'", '"l2100_cells'": null, '"l900a_cells'": null, '"pta_remarks'": null, '"site_status'": '"'", '"franchise_id'": null, '"l1800a_cells'": null, '"l1800b_cells'": null, '"pta_district'": '"'", '"pta_province'": '"'", '"2g_locked_tag'": null, '"4g_locked_tag'": null, '"archived_type'": null, '"coverage_type'": '"'", '"locked_status'": null, '"technical_city'": '"'", '"commercial_city'": '"'", '"part_of_dec_cfo'": '"'", '"city_prefix_based'": '"'", '"commercial_region'": '"'", '"total_l18_ab_cells'": null, '"commercial_district'": '"'", '"commercial_subregion'": '"'", '"sharing_type_hostguest'": '"'"}], '"updatedSites'": []}"
51,Super Admin,admin@oko.com,12312312,Inserted,"{'"newSites'": [{'"2g'": '"'", '"4g'": '"'", '"bsc'": '"'", '"lat'": null, '"mbu'": '"'", '"long'": null, '"scope'": null, '"b2s_id'": '"'", '"prefix'": '"'", '"region'": '"'", '"vendor'": '"'", '"900_trx'": null, '"mmcells'": null, '"1800_trx'": null, '"2g_cells'": null, '"4g_cells'": null, '"bsc_code'": '"'", '"omo_name'": '"'", '"physical'": '"'", '"usf_site'": '"'", '"site_code'": '"'", '"site_type'": '"'", '"total_trx'": null, '"pta_tehsil'": '"'", '"4g_capacity'": '"'", '"l2100_cells'": null, '"l900a_cells'": null, '"pta_remarks'": null, '"site_status'": '"'", '"franchise_id'": null, '"l1800a_cells'": null, '"l1800b_cells'": null, '"pta_district'": '"'", '"pta_province'": '"'", '"2g_locked_tag'": null, '"4g_locked_tag'": null, '"coverage_type'": '"'", '"technical_city'": '"'", '"commercial_city'": '"'", '"part_of_dec_cfo'": '"'", '"city_prefix_based'": '"'", '"commercial_region'": '"'", '"total_l18_ab_cells'": null, '"commercial_district'": '"'", '"commercial_subregion'": '"'", '"sharing_type_hostguest'": '"'"}]}"
52,Super Admin,admin@oko.com,12312312,Inserted,"{'"newSites'": [{'"2g'": '"'", '"4g'": '"'", '"bsc'": '"'", '"lat'": null, '"mbu'": '"'", '"long'": null, '"scope'": null, '"b2s_id'": '"'", '"prefix'": '"'", '"region'": '"'", '"vendor'": '"'", '"900_trx'": null, '"mmcells'": null, '"1800_trx'": null, '"2g_cells'": null, '"4g_cells'": null, '"bsc_code'": '"'", '"omo_name'": '"'", '"physical'": '"'", '"usf_site'": '"'", '"site_code'": '"'", '"site_type'": '"'", '"total_trx'": null, '"pta_tehsil'": '"'", '"4g_capacity'": '"'", '"l2100_cells'": null, '"l900a_cells'": null, '"pta_remarks'": null, '"site_status'": '"'", '"franchise_id'": null, '"l1800a_cells'": null, '"l1800b_cells'": null, '"pta_district'": '"'", '"pta_province'": '"'", '"2g_locked_tag'": null, '"4g_locked_tag'": null, '"coverage_type'": '"'", '"technical_city'": '"'", '"commercial_city'": '"'", '"part_of_dec_cfo'": '"'", '"city_prefix_based'": '"'", '"commercial_region'": '"'", '"total_l18_ab_cells'": null, '"commercial_district'": '"'", '"commercial_subregion'": '"'", '"sharing_type_hostguest'": '"'"}]}"
53,Super Admin,admin@oko.com,12312312,Inserted,"{'"newSites'": [{'"2g'": '"'", '"4g'": '"'", '"bsc'": '"'", '"lat'": null, '"mbu'": '"'", '"long'": null, '"scope'": null, '"b2s_id'": '"'", '"prefix'": '"'", '"region'": '"'", '"vendor'": '"'", '"900_trx'": null, '"mmcells'": null, '"1800_trx'": null, '"2g_cells'": null, '"4g_cells'": null, '"bsc_code'": '"'", '"omo_name'": '"'", '"physical'": '"'", '"usf_site'": '"'", '"site_code'": '"'", '"site_type'": '"'", '"total_trx'": null, '"pta_tehsil'": '"'", '"4g_capacity'": '"'", '"l2100_cells'": null, '"l900a_cells'": null, '"pta_remarks'": null, '"site_status'": '"'", '"franchise_id'": null, '"l1800a_cells'": null, '"l1800b_cells'": null, '"pta_district'": '"'", '"pta_province'": '"'", '"2g_locked_tag'": null, '"4g_locked_tag'": null, '"coverage_type'": '"'", '"technical_city'": '"'", '"commercial_city'": '"'", '"part_of_dec_cfo'": '"'", '"city_prefix_based'": '"'", '"commercial_region'": '"'", '"total_l18_ab_cells'": null, '"commercial_district'": '"'", '"commercial_subregion'": '"'", '"sharing_type_hostguest'": '"'"}]}"
54,Super Admin,admin@oko.com,12312312,Inserted,"{'"newSites'": [{'"2g'": '"'", '"4g'": '"'", '"bsc'": '"'", '"lat'": null, '"mbu'": '"'", '"long'": null, '"scope'": null, '"b2s_id'": '"'", '"prefix'": '"'", '"region'": '"'", '"vendor'": '"'", '"900_trx'": null, '"mmcells'": null, '"1800_trx'": null, '"2g_cells'": null, '"4g_cells'": null, '"bsc_code'": '"'", '"omo_name'": '"'", '"physical'": '"'", '"usf_site'": '"'", '"site_code'": '"'", '"site_type'": '"'", '"total_trx'": null, '"pta_tehsil'": '"'", '"4g_capacity'": '"'", '"l2100_cells'": null, '"l900a_cells'": null, '"pta_remarks'": null, '"site_status'": '"'", '"franchise_id'": null, '"l1800a_cells'": null, '"l1800b_cells'": null, '"pta_district'": '"'", '"pta_province'": '"'", '"2g_locked_tag'": null, '"4g_locked_tag'": null, '"coverage_type'": '"'", '"technical_city'": '"'", '"commercial_city'": '"'", '"part_of_dec_cfo'": '"'", '"city_prefix_based'": '"'", '"commercial_region'": '"'", '"total_l18_ab_cells'": null, '"commercial_district'": '"'", '"commercial_subregion'": '"'", '"sharing_type_hostguest'": '"'"}]}"
55,Super Admin,admin@oko.com,12312312,Inserted: 0 | Updated: 0 | Deleted: 0 | Total Records: 0,"{'"newSite'": [], '"deletedSite'": [], '"updatedSites'": []}"
56,Super Admin,admin@oko.com,12312312,Inserted: 0 | Updated: 0 | Deleted: 0 | Total Records: 0,"{'"newSite'": [], '"deletedSite'": [], '"updatedSites'": []}"
57,Super Admin,admin@oko.com,12312312,Edited,"{'"updatedSites'": [{'"2g'": '"'", '"4g'": '"'", '"bsc'": '"'", '"lat'": null, '"mbu'": '"'", '"long'": null, '"scope'": null, '"b2s_id'": '"'", '"prefix'": '"'", '"region'": '"'", '"vendor'": '"'", '"900_trx'": null, '"mmcells'": null, '"1800_trx'": null, '"2g_cells'": null, '"4g_cells'": null, '"bsc_code'": '"'", '"omo_name'": '"'", '"physical'": '"'", '"usf_site'": '"'", '"site_code'": '"8881212'", '"site_type'": '"'", '"total_trx'": null, '"pta_tehsil'": '"'", '"4g_capacity'": '"'", '"l2100_cells'": null, '"l900a_cells'": null, '"pta_remarks'": null, '"site_status'": '"'", '"franchise_id'": null, '"l1800a_cells'": null, '"l1800b_cells'": null, '"pta_district'": '"'", '"pta_province'": '"'", '"2g_locked_tag'": null, '"4g_locked_tag'": null, '"coverage_type'": '"'", '"technical_city'": '"'", '"commercial_city'": '"'", '"part_of_dec_cfo'": '"'", '"city_prefix_based'": '"'", '"commercial_region'": '"'", '"total_l18_ab_cells'": null, '"commercial_district'": '"'", '"commercial_subregion'": '"'", '"sharing_type_hostguest'": '"'"}]}"
58,Super Admin,admin@oko.com,12312312,Inserted: 0 | Updated: 0 | Deleted: 0 | Total Records: 0,"{'"newSite'": [], '"deletedSite'": [], '"updatedSites'": []}"
59,Super Admin,admin@oko.com,12312312,Inserted: 0 | Updated: 0 | Deleted: 0 | Total Records: 0,"{'"newSite'": [{'"2g'": '"2G'", '"4g'": '"4G'", '"bsc'": '"ISB006H'", '"lat'": '"34.831100'", '"mbu'": '"N3-GLT-04'", '"long'": '"73.055900'", '"scope'": '"asdas'", '"b2s_id'": '"asdasd'", '"prefix'": '"AAL'", '"region'": '"North'", '"vendor'": '"Huawei'", '"900_trx'": 7, '"mmcells'": '"No 4G'", '"1800_trx'": 2, '"2g_cells'": 3, '"4g_cells'": '"No 4G'", '"bsc_code'": '"ISB006H__I10_ISB_6'", '"omo_name'": '"dasda'", '"physical'": '"4G'", '"usf_site'": '"No'", '"site_code'": '"AAL2251'", '"site_type'": '"Own Built'", '"total_trx'": 7, '"pta_tehsil'": '"ALLAI TEHSIL'", '"4g_capacity'": '"No 4G'", '"l2100_cells'": '"No 4G'", '"l900a_cells'": '"No 4G'", '"pta_remarks'": '"asdas'", '"site_status'": '"Active'", '"franchise_id'": 7271, '"l1800a_cells'": '"No 4G'", '"l1800b_cells'": '"No 4G'", '"pta_district'": '"BATAGRAM'", '"pta_province'": '"KHYBER PAKHTUNKHWA'", '"2g_locked_tag'": '"asdas'", '"4g_locked_tag'": '"asdas'", '"coverage_type'": '"Macro'", '"technical_city'": '"Alai'", '"commercial_city'": '"Battagram_Rural'", '"part_of_dec_cfo'": '"Yes'", '"city_prefix_based'": '"Alai'", '"commercial_region'": '"North'", '"total_l18_ab_cells'": '"No 4G'", '"commercial_district'": '"Batagram'", '"commercial_subregion'": '"North 3'", '"sharing_type_hostguest'": '"asdas'"}, {'"2g'": '"2G'", '"4g'": '"4G'", '"bsc'": '"ISB006H'", '"lat'": '"34.831100'", '"mbu'": '"N3-GLT-04'", '"long'": '"73.055900'", '"scope'": '"asdas'", '"b2s_id'": '"asdasd'", '"prefix'": '"AAL'", '"region'": '"North'", '"vendor'": '"Huawei'", '"900_trx'": 7, '"mmcells'": '"No 4G'", '"1800_trx'": 3, '"2g_cells'": 3, '"4g_cells'": '"No 4G'", '"bsc_code'": '"ISB006H__I10_ISB_6'", '"omo_name'": '"dasda'", '"physical'": '"4G'", '"usf_site'": '"No'", '"site_code'": '"AAL22521'", '"site_type'": '"Own Built'", '"total_trx'": 7, '"pta_tehsil'": '"ALLAI TEHSIL'", '"4g_capacity'": '"No 4G'", '"l2100_cells'": '"No 4G'", '"l900a_cells'": '"No 4G'", '"pta_remarks'": '"asdas'", '"site_status'": '"Active'", '"franchise_id'": 7271, '"l1800a_cells'": '"No 4G'", '"l1800b_cells'": '"No 4G'", '"pta_district'": '"BATAGRAM'", '"pta_province'": '"KHYBER PAKHTUNKHWA'", '"2g_locked_tag'": '"asdas'", '"4g_locked_tag'": '"asdas'", '"coverage_type'": '"Macro'", '"technical_city'": '"Alai'", '"commercial_city'": '"Battagram_Rural'", '"part_of_dec_cfo'": '"Yes'", '"city_prefix_based'": '"Alai'", '"commercial_region'": '"North'", '"total_l18_ab_cells'": '"No 4G'", '"commercial_district'": '"Batagram'", '"commercial_subregion'": '"North 3'", '"sharing_type_hostguest'": '"asdas'"}, {'"2g'": '"2G'", '"4g'": '"4G'", '"bsc'": '"ISB006H'", '"lat'": '"34.831100'", '"mbu'": '"N3-GLT-04'", '"long'": '"73.055900'", '"scope'": '"asdas'", '"b2s_id'": '"asdasd'", '"prefix'": '"AAL'", '"region'": '"North'", '"vendor'": '"Huawei'", '"900_trx'": 7, '"mmcells'": '"No 4G'", '"1800_trx'": 2, '"2g_cells'": 3, '"4g_cells'": '"No 4G'", '"bsc_code'": '"ISB006H__I10_ISB_6'", '"omo_name'": '"dasda'", '"physical'": '"4G'", '"usf_site'": '"No'", '"site_code'": '"AAL22521'", '"site_type'": '"Own Built'", '"total_trx'": 7, '"pta_tehsil'": '"ALLAI TEHSIL'", '"4g_capacity'": '"No 4G'", '"l2100_cells'": '"No 4G'", '"l900a_cells'": '"No 4G'", '"pta_remarks'": '"asdas'", '"site_status'": '"Active'", '"franchise_id'": 7271, '"l1800a_cells'": '"No 4G'", '"l1800b_cells'": '"No 4G'", '"pta_district'": '"BATAGRAM'", '"pta_province'": '"KHYBER PAKHTUNKHWA'", '"2g_locked_tag'": '"asdas'", '"4g_locked_tag'": '"asdas'", '"coverage_type'": '"Macro'", '"technical_city'": '"Alai'", '"commercial_city'": '"Battagram_Rural'", '"part_of_dec_cfo'": '"Yes'", '"city_prefix_based'": '"Alai'", '"commercial_region'": '"North'", '"total_l18_ab_cells'": '"No 4G'", '"commercial_district'": '"Batagram'", '"commercial_subregion'": '"North 3'", '"sharing_type_hostguest'": '"asdas'"}, {'"2g'": '"2G'", '"4g'": '"4G'", '"bsc'": '"ISB006H'", '"lat'": '"34.831100'", '"mbu'": '"N3-GLT-04'", '"long'": '"73.055900'", '"scope'": '"asdas'", '"b2s_id'": '"asdasd'", '"prefix'": '"AAL'", '"region'": '"North'", '"vendor'": '"Huawei'", '"900_trx'": 7, '"mmcells'": '"No 4G'", '"1800_trx'": 3, '"2g_cells'": 3, '"4g_cells'": '"No 4G'", '"bsc_code'": '"ISB006H__I10_ISB_6'", '"omo_name'": '"dasda'", '"physical'": '"4G'", '"usf_site'": '"No'", '"site_code'": '"AAL22521'", '"site_type'": '"Own Built'", '"total_trx'": 7, '"pta_tehsil'": '"ALLAI TEHSIL'", '"4g_capacity'": '"No 4G'", '"l2100_cells'": '"No 4G'", '"l900a_cells'": '"No 4G'", '"pta_remarks'": '"asdas'", '"site_status'": '"Active'", '"franchise_id'": 7271, '"l1800a_cells'": '"No 4G'", '"l1800b_cells'": '"No 4G'", '"pta_district'": '"BATAGRAM'", '"pta_province'": '"KHYBER PAKHTUNKHWA'", '"2g_locked_tag'": '"asdas'", '"4g_locked_tag'": '"asdas'", '"coverage_type'": '"Macro'", '"technical_city'": '"Alai'", '"commercial_city'": '"Battagram_Rural'", '"part_of_dec_cfo'": '"Yes'", '"city_prefix_based'": '"Alai'", '"commercial_region'": '"North'", '"total_l18_ab_cells'": '"No 4G'", '"commercial_district'": '"Batagram'", '"commercial_subregion'": '"North 3'", '"sharing_type_hostguest'": '"asdas'"}], '"deletedSite'": [{'"2g'": '"'", '"4g'": '"'", '"id'": 10, '"bsc'": '"'", '"lat'": null, '"mbu'": '"'", '"long'": null, '"scope'": '"'", '"b2s_id'": '"'", '"prefix'": '"'", '"reason'": null, '"region'": '"'", '"vendor'": '"'", '"900_trx'": null, '"mmcells'": null, '"site_to'": null, '"1800_trx'": null, '"2g_cells'": null, '"4g_cells'": null, '"archived'": false, '"bsc_code'": '"'", '"omo_name'": '"'", '"physical'": '"'", '"usf_site'": '"'", '"site_code'": '"1233'", '"site_from'": null, '"site_type'": '"'", '"total_trx'": null, '"pta_tehsil'": '"'", '"4g_capacity'": '"'", '"l2100_cells'": null, '"l900a_cells'": null, '"pta_remarks'": '"'", '"site_status'": '"'", '"franchise_id'": null, '"l1800a_cells'": null, '"l1800b_cells'": null, '"pta_district'": '"'", '"pta_province'": '"'", '"2g_locked_tag'": '"'", '"4g_locked_tag'": '"'", '"archived_type'": null, '"coverage_type'": '"'", '"locked_status'": null, '"technical_city'": '"'", '"commercial_city'": '"'", '"part_of_dec_cfo'": '"'", '"city_prefix_based'": '"'", '"commercial_region'": '"'", '"total_l18_ab_cells'": null, '"commercial_district'": '"'", '"commercial_subregion'": '"'", '"sharing_type_hostguest'": '"'"}, {'"2g'": '"'", '"4g'": '"'", '"id'": 20, '"bsc'": '"'", '"lat'": null, '"mbu'": '"'", '"long'": null, '"scope'": null, '"b2s_id'": '"'", '"prefix'": '"'", '"reason'": null, '"region'": '"'", '"vendor'": '"'", '"900_trx'": null, '"mmcells'": null, '"site_to'": null, '"1800_trx'": null, '"2g_cells'": null, '"4g_cells'": null, '"archived'": false, '"bsc_code'": '"'", '"omo_name'": '"'", '"physical'": '"'", '"usf_site'": '"'", '"site_code'": '"8881212'", '"site_from'": null, '"site_type'": '"'", '"total_trx'": null, '"pta_tehsil'": '"'", '"4g_capacity'": '"'", '"l2100_cells'": null, '"l900a_cells'": null, '"pta_remarks'": null, '"site_status'": '"'", '"franchise_id'": null, '"l1800a_cells'": null, '"l1800b_cells'": null, '"pta_district'": '"'", '"pta_province'": '"'", '"2g_locked_tag'": null, '"4g_locked_tag'": null, '"archived_type'": null, '"coverage_type'": '"'", '"locked_status'": null, '"technical_city'": '"'", '"commercial_city'": '"'", '"part_of_dec_cfo'": '"'", '"city_prefix_based'": '"'", '"commercial_region'": '"'", '"total_l18_ab_cells'": null, '"commercial_district'": '"'", '"commercial_subregion'": '"'", '"sharing_type_hostguest'": '"'"}, {'"2g'": '"'", '"4g'": '"'", '"id'": 15, '"bsc'": '"'", '"lat'": null, '"mbu'": '"'", '"long'": null, '"scope'": '"'", '"b2s_id'": '"'", '"prefix'": '"'", '"reason'": null, '"region'": '"'", '"vendor'": '"'", '"900_trx'": null, '"mmcells'": null, '"site_to'": null, '"1800_trx'": null, '"2g_cells'": null, '"4g_cells'": null, '"archived'": false, '"bsc_code'": '"'", '"omo_name'": '"'", '"physical'": '"'", '"usf_site'": '"'", '"site_code'": '"7845'", '"site_from'": null, '"site_type'": '"'", '"total_trx'": null, '"pta_tehsil'": '"'", '"4g_capacity'": '"'", '"l2100_cells'": null, '"l900a_cells'": null, '"pta_remarks'": '"'", '"site_status'": '"'", '"franchise_id'": null, '"l1800a_cells'": null, '"l1800b_cells'": null, '"pta_district'": '"'", '"pta_province'": '"'", '"2g_locked_tag'": '"'", '"4g_locked_tag'": '"'", '"archived_type'": null, '"coverage_type'": '"'", '"locked_status'": null, '"technical_city'": '"'", '"commercial_city'": '"'", '"part_of_dec_cfo'": '"'", '"city_prefix_based'": '"'", '"commercial_region'": '"'", '"total_l18_ab_cells'": null, '"commercial_district'": '"'", '"commercial_subregion'": '"'", '"sharing_type_hostguest'": '"'"}], '"updatedSites'": []}"
60,Super Admin,admin@oko.com,12312312,Inserted: 0 | Updated: 0 | Deleted: 0 | Total Records: 0,"{'"newSite'": [{'"2g'": '"2G'", '"bsc'": '"ISB006H'", '"lat'": 34.8311, '"mbu'": '"N3-GLT-04'", '"long'": 73.0559, '"scope'": null, '"b2s_id'": null, '"prefix'": '"AAL'", '"region'": '"North'", '"vendor'": '"Huawei'", '"900_trx'": 7, '"mmcells'": '"No 4G'", '"1800_trx'": 0, '"2g_cells'": 3, '"4g_cells'": '"No 4G'", '"bsc_code'": '"ISB006H__I10_ISB_6'", '"omo_name'": null, '"physical'": '"2G'", '"usf_site'": '"No'", '"site_code'": '"AAL2251'", '"site_type'": '"Own Built'", '"total_trx'": 7, '"pta_tehsil'": '"ALLAI TEHSIL'", '"4g_capacity'": '"No 4G'", '"l2100_cells'": '"No 4G'", '"l900a_cells'": '"No 4G'", '"pta_remarks'": null, '"site_status'": '"Active'", '"franchise_id'": 7271, '"l1800a_cells'": '"No 4G'", '"l1800b_cells'": '"No 4G'", '"pta_district'": '"BATAGRAM'", '"pta_province'": '"KHYBER PAKHTUNKHWA'", '"2g_locked_tag'": null, '"4g_locked_tag'": null, '"coverage_type'": '"Macro'", '"technical_city'": '"Alai'", '"commercial_city'": '"Battagram_Rural'", '"part_of_dec_cfo_'": '"Yes'", '"city_prefix_based'": '"Alai'", '"commercial_region'": '"North'", '"total_l18_ab_cells'": '"No 4G'", '"commercial_district'": '"Batagram'", '"commercial_subregion'": '"North 3'", '"sharing_type_hostguest'": null}, {'"2g'": '"2G'", '"4g'": '"4G'", '"bsc'": '"ISB006H'", '"lat'": 34.8176, '"mbu'": '"N3-GLT-04'", '"long'": 73.0833, '"scope'": null, '"b2s_id'": null, '"prefix'": '"AAL'", '"region'": '"North'", '"vendor'": '"Huawei'", '"900_trx'": 9, '"mmcells'": null, '"1800_trx'": 6, '"2g_cells'": 3, '"4g_cells'": 3, '"bsc_code'": '"ISB006H__I10_ISB_6'", '"omo_name'": null, '"physical'": '"2G+4G'", '"usf_site'": '"No'", '"site_code'": '"AAL2252'", '"site_type'": '"Own Built'", '"total_trx'": 15, '"pta_tehsil'": '"ALLAI TEHSIL'", '"4g_capacity'": '"2T2R'", '"l2100_cells'": 0, '"l900a_cells'": 0, '"pta_remarks'": null, '"site_status'": '"Active'", '"franchise_id'": 7271, '"l1800a_cells'": 3, '"l1800b_cells'": 0, '"pta_district'": '"BATAGRAM'", '"pta_province'": '"KHYBER PAKHTUNKHWA'", '"2g_locked_tag'": null, '"4g_locked_tag'": null, '"coverage_type'": '"Macro'", '"technical_city'": '"Alai'", '"commercial_city'": '"Battagram_Rural'", '"part_of_dec_cfo_'": '"Yes'", '"city_prefix_based'": '"Alai'", '"commercial_region'": '"North'", '"total_l18_ab_cells'": 3, '"commercial_district'": '"Batagram'", '"commercial_subregion'": '"North 3'", '"sharing_type_hostguest'": null}, {'"2g'": '"2G'", '"4g'": '"4G'", '"bsc'": '"ISB006H'", '"lat'": 34.8294, '"mbu'": '"N3-GLT-04'", '"long'": 73.0851, '"scope'": null, '"b2s_id'": '"EN1-BTG-04901'", '"prefix'": '"AAL'", '"region'": '"North'", '"vendor'": '"Huawei'", '"900_trx'": 12, '"mmcells'": null, '"1800_trx'": 0, '"2g_cells'": 3, '"4g_cells'": 3, '"bsc_code'": '"ISB006H__I10_ISB_6'", '"omo_name'": '"Enfra-COLO'", '"physical'": '"2G+4G'", '"usf_site'": '"No'", '"site_code'": '"AAL5687'", '"site_type'": '"COLO'", '"total_trx'": 12, '"pta_tehsil'": '"ALLAI TEHSIL'", '"4g_capacity'": '"4T4R'", '"l2100_cells'": 0, '"l900a_cells'": 0, '"pta_remarks'": null, '"site_status'": '"Active'", '"franchise_id'": 7271, '"l1800a_cells'": 3, '"l1800b_cells'": 0, '"pta_district'": '"BATAGRAM'", '"pta_province'": '"KHYBER PAKHTUNKHWA'", '"2g_locked_tag'": null, '"4g_locked_tag'": null, '"coverage_type'": '"Macro'", '"technical_city'": '"Alai'", '"commercial_city'": '"Battagram_Rural'", '"part_of_dec_cfo_'": '"Yes'", '"city_prefix_based'": '"Alai'", '"commercial_region'": '"North'", '"total_l18_ab_cells'": 3, '"commercial_district'": '"Batagram'", '"commercial_subregion'": '"North 3'", '"sharing_type_hostguest'": '"Guest'"}, {'"2g'": '"2G'", '"4g'": '"4G'", '"bsc'": '"ISB006H'", '"lat'": 34.8373, '"mbu'": '"N3-GLT-04'", '"long'": 73.0331, '"scope'": null, '"b2s_id'": '"N-ALA-3064'", '"prefix'": '"AAL'", '"region'": '"North'", '"vendor'": '"Huawei'", '"900_trx'": 8, '"mmcells'": null, '"1800_trx'": 0, '"2g_cells'": 3, '"4g_cells'": 3, '"bsc_code'": '"ISB006H__I10_ISB_6'", '"omo_name'": '"CMPAK'", '"physical'": '"2G+4G'", '"usf_site'": '"No'", '"site_code'": '"AAL7845'", '"site_type'": '"Own Built'", '"total_trx'": 8, '"pta_tehsil'": '"ALLAI TEHSIL'", '"4g_capacity'": '"2T2R'", '"l2100_cells'": 0, '"l900a_cells'": 0, '"pta_remarks'": null, '"site_status'": '"Active'", '"franchise_id'": 7271, '"l1800a_cells'": 3, '"l1800b_cells'": 0, '"pta_district'": '"BATAGRAM'", '"pta_province'": '"KHYBER PAKHTUNKHWA'", '"2g_locked_tag'": null, '"4g_locked_tag'": null, '"coverage_type'": '"Macro'", '"technical_city'": '"Alai'", '"commercial_city'": '"Battagram_Rural'", '"part_of_dec_cfo_'": '"Yes'", '"city_prefix_based'": '"Alai'", '"commercial_region'": '"North'", '"total_l18_ab_cells'": 3, '"commercial_district'": '"Batagram'", '"commercial_subregion'": '"North 3'", '"sharing_type_hostguest'": '"Host'"}, {'"2g'": '"2G'", '"4g'": '"4G'", '"bsc'": '"RYK317Z'", '"lat'": 28.737605, '"mbu'": '"C7-KNP-06'", '"long'": 70.956105, '"scope'": null, '"b2s_id'": '"ES2-LQP-01977'", '"prefix'": '"ABB'", '"region'": '"Central B'", '"vendor'": '"ZTE'", '"900_trx'": 14, '"mmcells'": null, '"1800_trx'": 2, '"2g_cells'": 3, '"4g_cells'": 3, '"bsc_code'": '"RYK317Z_MGW_2'", '"omo_name'": '"Enfrashare'", '"physical'": '"2G+4G'", '"usf_site'": '"No'", '"site_code'": '"ABB3814'", '"site_type'": '"Tower co B2S'", '"total_trx'": 16, '"pta_tehsil'": '"LIAQUATPUR TEHSIL'", '"4g_capacity'": '"2T2R'", '"l2100_cells'": 0, '"l900a_cells'": 0, '"pta_remarks'": null, '"site_status'": '"Active'", '"franchise_id'": 7639, '"l1800a_cells'": 3, '"l1800b_cells'": 0, '"pta_district'": '"RAHIM YAR KHAN'", '"pta_province'": '"PUNJAB'", '"2g_locked_tag'": null, '"4g_locked_tag'": null, '"coverage_type'": '"Macro'", '"technical_city'": '"Rural'", '"commercial_city'": '"Liaqatpur_Rural'", '"part_of_dec_cfo_'": '"Yes'", '"city_prefix_based'": '"Abbasia'", '"commercial_region'": '"Central B'", '"total_l18_ab_cells'": 3, '"commercial_district'": '"Rahim Yar Khan'", '"commercial_subregion'": '"Central 7'", '"sharing_type_hostguest'": '"Guest'"}, {'"2g'": '"2G'", '"4g'": '"4G'", '"bsc'": '"RYK317Z'", '"lat'": 28.79966, '"mbu'": '"C7-KNP-06'", '"long'": 70.92661, '"scope'": null, '"b2s_id'": '"MFZ005'", '"prefix'": '"ABB'", '"region'": '"Central B'", '"vendor'": '"ZTE'", '"900_trx'": 10, '"mmcells'": null, '"1800_trx'": 4, '"2g_cells'": 3, '"4g_cells'": 3, '"bsc_code'": '"RYK317Z_MGW_2'", '"omo_name'": '"Telenor'", '"physical'": '"2G+4G'", '"usf_site'": '"Yes'", '"site_code'": '"ABB4360'", '"site_type'": '"Own Built'", '"total_trx'": 14, '"pta_tehsil'": '"LIAQUATPUR TEHSIL'", '"4g_capacity'": '"2T2R'", '"l2100_cells'": 0, '"l900a_cells'": 0, '"pta_remarks'": null, '"site_status'": '"Active'", '"franchise_id'": 7639, '"l1800a_cells'": 3, '"l1800b_cells'": 0, '"pta_district'": '"RAHIM YAR KHAN'", '"pta_province'": '"PUNJAB'", '"2g_locked_tag'": null, '"4g_locked_tag'": null, '"coverage_type'": '"Macro'", '"technical_city'": '"Abbasia'", '"commercial_city'": '"Liaqatpur_Rural'", '"part_of_dec_cfo_'": '"Yes'", '"city_prefix_based'": '"Abbasia'", '"commercial_region'": '"Central B'", '"total_l18_ab_cells'": 3, '"commercial_district'": '"Rahim Yar Khan'", '"commercial_subregion'": '"Central 7'", '"sharing_type_hostguest'": '"Host'"}, {'"2g'": '"2G'", '"4g'": '"4G'", '"bsc'": '"RYK317Z'", '"lat'": 28.76972, '"mbu'": '"C7-KNP-06'", '"long'": 70.87323, '"scope'": null, '"b2s_id'": '"42040'", '"prefix'": '"ABB'", '"region'": '"Central B'", '"vendor'": '"ZTE'", '"900_trx'": 11, '"mmcells'": null, '"1800_trx'": 4, '"2g_cells'": 3, '"4g_cells'": 3, '"bsc_code'": '"RYK317Z_MGW_2'", '"omo_name'": '"CMPAK'", '"physical'": '"2G+4G'", '"usf_site'": '"Yes'", '"site_code'": '"ABB4361'", '"site_type'": '"Own Built'", '"total_trx'": 15, '"pta_tehsil'": '"LIAQUATPUR TEHSIL'", '"4g_capacity'": '"2T2R'", '"l2100_cells'": 0, '"l900a_cells'": 0, '"pta_remarks'": null, '"site_status'": '"Active'", '"franchise_id'": 7639, '"l1800a_cells'": 3, '"l1800b_cells'": 0, '"pta_district'": '"RAHIM YAR KHAN'", '"pta_province'": '"PUNJAB'", '"2g_locked_tag'": null, '"4g_locked_tag'": null, '"coverage_type'": '"Macro'", '"technical_city'": '"Abbasia'", '"commercial_city'": '"Liaqatpur_Rural'", '"part_of_dec_cfo_'": '"Yes'", '"city_prefix_based'": '"Abbasia'", '"commercial_region'": '"Central B'", '"total_l18_ab_cells'": 3, '"commercial_district'": '"Rahim Yar Khan'", '"commercial_subregion'": '"Central 7'", '"sharing_type_hostguest'": '"Host'"}, {'"2g'": '"2G'", '"4g'": '"4G'", '"bsc'": '"SGD344Z'", '"lat'": 32.228, '"mbu'": '"C5-SGD-08'", '"long'": 72.4724, '"scope'": null, '"b2s_id'": null, '"prefix'": '"ABD'", '"region'": '"Central B'", '"vendor'": '"ZTE'", '"900_trx'": 6, '"mmcells'": null, '"1800_trx'": 7, '"2g_cells'": 3, '"4g_cells'": 3, '"bsc_code'": '"SGD344Z_MGW_2'", '"omo_name'": null, '"physical'": '"2G+4G'", '"usf_site'": '"No'", '"site_code'": '"ABD8702'", '"site_type'": '"Own Built'", '"total_trx'": 13, '"pta_tehsil'": '"SHAHPUR TEHSIL'", '"4g_capacity'": '"2T2R'", '"l2100_cells'": 0, '"l900a_cells'": 0, '"pta_remarks'": null, '"site_status'": '"Active'", '"franchise_id'": 7881, '"l1800a_cells'": 3, '"l1800b_cells'": 0, '"pta_district'": '"SARGODHA'", '"pta_province'": '"PUNJAB'", '"2g_locked_tag'": null, '"4g_locked_tag'": null, '"coverage_type'": '"Macro'", '"technical_city'": '"Ameenabad'", '"commercial_city'": '"Khushab_Rural'", '"part_of_dec_cfo_'": '"Yes'", '"city_prefix_based'": '"Ameenabad'", '"commercial_region'": '"Central B'", '"total_l18_ab_cells'": 3, '"commercial_district'": '"Sargodha'", '"commercial_subregion'": '"Central 5'", '"sharing_type_hostguest'": null}, {'"2g'": '"2G'", '"4g'": '"4G'", '"bsc'": '"SGD344Z'", '"lat'": 32.19254, '"mbu'": '"C5-SGD-08'", '"long'": 72.48453, '"scope'": null, '"b2s_id'": '"MJHB01'", '"prefix'": '"ABD'", '"region'": '"Central B'", '"vendor'": '"ZTE'", '"900_trx'": 13, '"mmcells'": null, '"1800_trx'": 15, '"2g_cells'": 4, '"4g_cells'": 8, '"bsc_code'": '"SGD344Z_MGW_2'", '"omo_name'": '"Telenor'", '"physical'": '"2G+4G'", '"usf_site'": '"No'", '"site_code'": '"ABD8704'", '"site_type'": '"Own Built'", '"total_trx'": 28, '"pta_tehsil'": '"SHAHPUR TEHSIL'", '"4g_capacity'": '"2T2R'", '"l2100_cells'": 4, '"l900a_cells'": 0, '"pta_remarks'": null, '"site_status'": '"Active'", '"franchise_id'": 7881, '"l1800a_cells'": 4, '"l1800b_cells'": 0, '"pta_district'": '"SARGODHA'", '"pta_province'": '"PUNJAB'", '"2g_locked_tag'": null, '"4g_locked_tag'": null, '"coverage_type'": '"Macro'", '"technical_city'": '"Ameenabad'", '"commercial_city'": '"Khushab_Rural'", '"part_of_dec_cfo_'": '"Yes'", '"city_prefix_based'": '"Ameenabad'", '"commercial_region'": '"Central B'", '"total_l18_ab_cells'": 4, '"commercial_district'": '"Sargodha'", '"commercial_subregion'": '"Central 5'", '"sharing_type_hostguest'": '"Host'"}, {'"2g'": '"2G'", '"4g'": '"4G'", '"bsc'": '"MUL325Z'", '"lat'": 30.55405, '"mbu'": '"C6-KWL-01'", '"long'": 72.13422, '"scope'": null, '"b2s_id'": null, '"prefix'": '"ABH'", '"region'": '"Central B'", '"vendor'": '"ZTE'", '"900_trx'": 9, '"mmcells'": null, '"1800_trx'": 11, '"2g_cells'": 3, '"4g_cells'": 12, '"bsc_code'": '"MUL325Z_MGW_2'", '"omo_name'": null, '"physical'": '"2G+4G'", '"usf_site'": '"No'", '"site_code'": '"ABH0161'", '"site_type'": '"Own Built'", '"total_trx'": 20, '"pta_tehsil'": '"KABIRWALA TEHSIL'", '"4g_capacity'": '"4T6S'", '"l2100_cells'": 3, '"l900a_cells'": 3, '"pta_remarks'": null, '"site_status'": '"Active'", '"franchise_id'": 7469, '"l1800a_cells'": 3, '"l1800b_cells'": 3, '"pta_district'": '"KHANEWAL'", '"pta_province'": '"PUNJAB'", '"2g_locked_tag'": null, '"4g_locked_tag'": null, '"coverage_type'": '"Macro'", '"technical_city'": '"Abdul Hakeem'", '"commercial_city'": '"Kabirwala_Rural'", '"part_of_dec_cfo_'": '"Yes'", '"city_prefix_based'": '"Abdul Hakeem'", '"commercial_region'": '"Central B'", '"total_l18_ab_cells'": 6, '"commercial_district'": '"Khanewal'", '"commercial_subregion'": '"Central 6'", '"sharing_type_hostguest'": null}], '"deletedSite'": [{'"2g'": '"'", '"4g'": '"'", '"id'": 10, '"bsc'": '"'", '"lat'": null, '"mbu'": '"'", '"long'": null, '"scope'": '"'", '"b2s_id'": '"'", '"prefix'": '"'", '"reason'": null, '"region'": '"'", '"vendor'": '"'", '"900_trx'": null, '"mmcells'": null, '"site_to'": null, '"1800_trx'": null, '"2g_cells'": null, '"4g_cells'": null, '"archived'": false, '"bsc_code'": '"'", '"omo_name'": '"'", '"physical'": '"'", '"usf_site'": '"'", '"site_code'": '"1233'", '"site_from'": null, '"site_type'": '"'", '"total_trx'": null, '"pta_tehsil'": '"'", '"4g_capacity'": '"'", '"l2100_cells'": null, '"l900a_cells'": null, '"pta_remarks'": '"'", '"site_status'": '"'", '"franchise_id'": null, '"l1800a_cells'": null, '"l1800b_cells'": null, '"pta_district'": '"'", '"pta_province'": '"'", '"2g_locked_tag'": '"'", '"4g_locked_tag'": '"'", '"archived_type'": null, '"coverage_type'": '"'", '"locked_status'": null, '"technical_city'": '"'", '"commercial_city'": '"'", '"part_of_dec_cfo'": '"'", '"city_prefix_based'": '"'", '"commercial_region'": '"'", '"total_l18_ab_cells'": null, '"commercial_district'": '"'", '"commercial_subregion'": '"'", '"sharing_type_hostguest'": '"'"}, {'"2g'": '"'", '"4g'": '"'", '"id'": 20, '"bsc'": '"'", '"lat'": null, '"mbu'": '"'", '"long'": null, '"scope'": null, '"b2s_id'": '"'", '"prefix'": '"'", '"reason'": null, '"region'": '"'", '"vendor'": '"'", '"900_trx'": null, '"mmcells'": null, '"site_to'": null, '"1800_trx'": null, '"2g_cells'": null, '"4g_cells'": null, '"archived'": false, '"bsc_code'": '"'", '"omo_name'": '"'", '"physical'": '"'", '"usf_site'": '"'", '"site_code'": '"8881212'", '"site_from'": null, '"site_type'": '"'", '"total_trx'": null, '"pta_tehsil'": '"'", '"4g_capacity'": '"'", '"l2100_cells'": null, '"l900a_cells'": null, '"pta_remarks'": null, '"site_status'": '"'", '"franchise_id'": null, '"l1800a_cells'": null, '"l1800b_cells'": null, '"pta_district'": '"'", '"pta_province'": '"'", '"2g_locked_tag'": null, '"4g_locked_tag'": null, '"archived_type'": null, '"coverage_type'": '"'", '"locked_status'": null, '"technical_city'": '"'", '"commercial_city'": '"'", '"part_of_dec_cfo'": '"'", '"city_prefix_based'": '"'", '"commercial_region'": '"'", '"total_l18_ab_cells'": null, '"commercial_district'": '"'", '"commercial_subregion'": '"'", '"sharing_type_hostguest'": '"'"}, {'"2g'": '"'", '"4g'": '"'", '"id'": 15, '"bsc'": '"'", '"lat'": null, '"mbu'": '"'", '"long'": null, '"scope'": '"'", '"b2s_id'": '"'", '"prefix'": '"'", '"reason'": null, '"region'": '"'", '"vendor'": '"'", '"900_trx'": null, '"mmcells'": null, '"site_to'": null, '"1800_trx'": null, '"2g_cells'": null, '"4g_cells'": null, '"archived'": false, '"bsc_code'": '"'", '"omo_name'": '"'", '"physical'": '"'", '"usf_site'": '"'", '"site_code'": '"7845'", '"site_from'": null, '"site_type'": '"'", '"total_trx'": null, '"pta_tehsil'": '"'", '"4g_capacity'": '"'", '"l2100_cells'": null, '"l900a_cells'": null, '"pta_remarks'": '"'", '"site_status'": '"'", '"franchise_id'": null, '"l1800a_cells'": null, '"l1800b_cells'": null, '"pta_district'": '"'", '"pta_province'": '"'", '"2g_locked_tag'": '"'", '"4g_locked_tag'": '"'", '"archived_type'": null, '"coverage_type'": '"'", '"locked_status'": null, '"technical_city'": '"'", '"commercial_city'": '"'", '"part_of_dec_cfo'": '"'", '"city_prefix_based'": '"'", '"commercial_region'": '"'", '"total_l18_ab_cells'": null, '"commercial_district'": '"'", '"commercial_subregion'": '"'", '"sharing_type_hostguest'": '"'"}, {'"2g'": '"'", '"4g'": '"'", '"id'": 16, '"bsc'": '"'", '"lat'": null, '"mbu'": '"'", '"long'": null, '"scope'": '"'", '"b2s_id'": '"'", '"prefix'": '"'", '"reason'": null, '"region'": '"'", '"vendor'": '"'", '"900_trx'": null, '"mmcells'": null, '"site_to'": null, '"1800_trx'": null, '"2g_cells'": null, '"4g_cells'": null, '"archived'": false, '"bsc_code'": '"'", '"omo_name'": '"'", '"physical'": '"'", '"usf_site'": '"'", '"site_code'": '"12342'", '"site_from'": null, '"site_type'": '"'", '"total_trx'": null, '"pta_tehsil'": '"'", '"4g_capacity'": '"'", '"l2100_cells'": null, '"l900a_cells'": null, '"pta_remarks'": '"'", '"site_status'": '"'", '"franchise_id'": null, '"l1800a_cells'": null, '"l1800b_cells'": null, '"pta_district'": '"'", '"pta_province'": '"'", '"2g_locked_tag'": '"'", '"4g_locked_tag'": '"'", '"archived_type'": null, '"coverage_type'": '"'", '"locked_status'": null, '"technical_city'": '"'", '"commercial_city'": '"'", '"part_of_dec_cfo'": '"'", '"city_prefix_based'": '"'", '"commercial_region'": '"'", '"total_l18_ab_cells'": null, '"commercial_district'": '"'", '"commercial_subregion'": '"'", '"sharing_type_hostguest'": '"'"}, {'"2g'": '"'", '"4g'": '"'", '"id'": 17, '"bsc'": '"'", '"lat'": null, '"mbu'": '"'", '"long'": null, '"scope'": null, '"b2s_id'": '"'", '"prefix'": '"'", '"reason'": null, '"region'": '"'", '"vendor'": '"'", '"900_trx'": null, '"mmcells'": null, '"site_to'": null, '"1800_trx'": null, '"2g_cells'": null, '"4g_cells'": null, '"archived'": false, '"bsc_code'": '"'", '"omo_name'": '"'", '"physical'": '"'", '"usf_site'": '"'", '"site_code'": '"5800'", '"site_from'": null, '"site_type'": '"'", '"total_trx'": null, '"pta_tehsil'": '"'", '"4g_capacity'": '"'", '"l2100_cells'": null, '"l900a_cells'": null, '"pta_remarks'": null, '"site_status'": '"'", '"franchise_id'": null, '"l1800a_cells'": null, '"l1800b_cells'": null, '"pta_district'": '"'", '"pta_province'": '"'", '"2g_locked_tag'": null, '"4g_locked_tag'": null, '"archived_type'": null, '"coverage_type'": '"'", '"locked_status'": null, '"technical_city'": '"'", '"commercial_city'": '"'", '"part_of_dec_cfo'": '"'", '"city_prefix_based'": '"'", '"commercial_region'": '"'", '"total_l18_ab_cells'": null, '"commercial_district'": '"'", '"commercial_subregion'": '"'", '"sharing_type_hostguest'": '"'"}, {'"2g'": '"'", '"4g'": '"'", '"id'": 18, '"bsc'": '"'", '"lat'": null, '"mbu'": '"'", '"long'": null, '"scope'": null, '"b2s_id'": '"'", '"prefix'": '"'", '"reason'": null, '"region'": '"'", '"vendor'": '"'", '"900_trx'": null, '"mmcells'": null, '"site_to'": null, '"1800_trx'": null, '"2g_cells'": null, '"4g_cells'": null, '"archived'": false, '"bsc_code'": '"'", '"omo_name'": '"'", '"physical'": '"'", '"usf_site'": '"'", '"site_code'": '"090078'", '"site_from'": null, '"site_type'": '"'", '"total_trx'": null, '"pta_tehsil'": '"'", '"4g_capacity'": '"'", '"l2100_cells'": null, '"l900a_cells'": null, '"pta_remarks'": null, '"site_status'": '"'", '"franchise_id'": null, '"l1800a_cells'": null, '"l1800b_cells'": null, '"pta_district'": '"'", '"pta_province'": '"'", '"2g_locked_tag'": null, '"4g_locked_tag'": null, '"archived_type'": null, '"coverage_type'": '"'", '"locked_status'": null, '"technical_city'": '"'", '"commercial_city'": '"'", '"part_of_dec_cfo'": '"'", '"city_prefix_based'": '"'", '"commercial_region'": '"'", '"total_l18_ab_cells'": null, '"commercial_district'": '"'", '"commercial_subregion'": '"'", '"sharing_type_hostguest'": '"'"}, {'"2g'": '"'", '"4g'": '"'", '"id'": 19, '"bsc'": '"'", '"lat'": null, '"mbu'": '"'", '"long'": null, '"scope'": null, '"b2s_id'": '"'", '"prefix'": '"'", '"reason'": null, '"region'": '"'", '"vendor'": '"'", '"900_trx'": null, '"mmcells'": null, '"site_to'": null, '"1800_trx'": null, '"2g_cells'": null, '"4g_cells'": null, '"archived'": false, '"bsc_code'": '"'", '"omo_name'": '"'", '"physical'": '"'", '"usf_site'": '"'", '"site_code'": '"88899906'", '"site_from'": null, '"site_type'": '"'", '"total_trx'": null, '"pta_tehsil'": '"'", '"4g_capacity'": '"'", '"l2100_cells'": null, '"l900a_cells'": null, '"pta_remarks'": null, '"site_status'": '"'", '"franchise_id'": null, '"l1800a_cells'": null, '"l1800b_cells'": null, '"pta_district'": '"'", '"pta_province'": '"'", '"2g_locked_tag'": null, '"4g_locked_tag'": null, '"archived_type'": null, '"coverage_type'": '"'", '"locked_status'": null, '"technical_city'": '"'", '"commercial_city'": '"'", '"part_of_dec_cfo'": '"'", '"city_prefix_based'": '"'", '"commercial_region'": '"'", '"total_l18_ab_cells'": null, '"commercial_district'": '"'", '"commercial_subregion'": '"'", '"sharing_type_hostguest'": '"'"}, {'"2g'": '"2G'", '"4g'": '"4G'", '"id'": 8, '"bsc'": '"ISB006H'", '"lat'": '"34.831100'", '"mbu'": '"N3-GLT-04'", '"long'": '"73.055900'", '"scope'": '"asdas'", '"b2s_id'": '"asdasd'", '"prefix'": '"AAL'", '"reason'": null, '"region'": '"North'", '"vendor'": '"Huawei'", '"900_trx'": 7, '"mmcells'": '"No 4G'", '"site_to'": null, '"1800_trx'": 1, '"2g_cells'": 3, '"4g_cells'": '"No 4G'", '"archived'": false, '"bsc_code'": '"ISB006H__I10_ISB_6'", '"omo_name'": '"dasda'", '"physical'": '"4G'", '"usf_site'": '"No'", '"site_code'": '"AAL22521'", '"site_from'": null, '"site_type'": '"Own Built'", '"total_trx'": 7, '"pta_tehsil'": '"ALLAI TEHSIL'", '"4g_capacity'": '"No 4G'", '"l2100_cells'": '"No 4G'", '"l900a_cells'": '"No 4G'", '"pta_remarks'": '"asdas'", '"site_status'": '"Active'", '"franchise_id'": 7271, '"l1800a_cells'": '"No 4G'", '"l1800b_cells'": '"No 4G'", '"pta_district'": '"BATAGRAM'", '"pta_province'": '"KHYBER PAKHTUNKHWA'", '"2g_locked_tag'": '"asdas'", '"4g_locked_tag'": '"asdas'", '"archived_type'": null, '"coverage_type'": '"Macro'", '"locked_status'": null, '"technical_city'": '"Alai'", '"commercial_city'": '"Battagram_Rural'", '"part_of_dec_cfo'": '"Yes'", '"city_prefix_based'": '"Alai'", '"commercial_region'": '"North'", '"total_l18_ab_cells'": '"No 4G'", '"commercial_district'": '"Batagram'", '"commercial_subregion'": '"North 3'", '"sharing_type_hostguest'": '"asdas'"}, {'"2g'": '"2G'", '"4g'": '"4G'", '"id'": 14, '"bsc'": '"RYK317Z'", '"lat'": '"28.737605'", '"mbu'": '"C7-KNP-06'", '"long'": '"70.956105'", '"scope'": '"sadas'", '"b2s_id'": '"ES2-LQP-01977'", '"prefix'": '"ABB'", '"reason'": null, '"region'": '"Central B'", '"vendor'": '"ZTE'", '"900_trx'": 14, '"mmcells'": null, '"site_to'": null, '"1800_trx'": 2, '"2g_cells'": 3, '"4g_cells'": '"3'", '"archived'": false, '"bsc_code'": '"RYK317Z_MGW_2'", '"omo_name'": '"Enfrashare'", '"physical'": '"2G+4G'", '"usf_site'": '"No'", '"site_code'": '"BBB38323214'", '"site_from'": null, '"site_type'": '"Tower co B2S'", '"total_trx'": 16, '"pta_tehsil'": '"LIAQUATPUR TEHSIL'", '"4g_capacity'": '"2T2R'", '"l2100_cells'": '"0'", '"l900a_cells'": '"0'", '"pta_remarks'": '"sa'", '"site_status'": '"Active'", '"franchise_id'": 7639, '"l1800a_cells'": '"3'", '"l1800b_cells'": '"0'", '"pta_district'": '"RAHIM YAR KHAN'", '"pta_province'": '"PUNJAB'", '"2g_locked_tag'": '"das'", '"4g_locked_tag'": '"sad'", '"archived_type'": null, '"coverage_type'": '"Macro'", '"locked_status'": null, '"technical_city'": '"Rural'", '"commercial_city'": '"Liaqatpur_Rural'", '"part_of_dec_cfo'": '"Yes'", '"city_prefix_based'": '"Abbasia'", '"commercial_region'": '"Central B'", '"total_l18_ab_cells'": '"3'", '"commercial_district'": '"Rahim Yar Khan'", '"commercial_subregion'": '"Central 7'", '"sharing_type_hostguest'": '"Guest'"}, {'"2g'": '"2G'", '"4g'": '"2G'", '"id'": 22, '"bsc'": '"'", '"lat'": null, '"mbu'": '"'", '"long'": null, '"scope'": null, '"b2s_id'": '"'", '"prefix'": '"'", '"reason'": null, '"region'": '"'", '"vendor'": '"'", '"900_trx'": null, '"mmcells'": null, '"site_to'": null, '"1800_trx'": null, '"2g_cells'": null, '"4g_cells'": null, '"archived'": false, '"bsc_code'": '"'", '"omo_name'": '"'", '"physical'": '"'", '"usf_site'": '"'", '"site_code'": '"abcg564546'", '"site_from'": null, '"site_type'": '"'", '"total_trx'": null, '"pta_tehsil'": '"'", '"4g_capacity'": '"'", '"l2100_cells'": null, '"l900a_cells'": null, '"pta_remarks'": null, '"site_status'": '"'", '"franchise_id'": null, '"l1800a_cells'": null, '"l1800b_cells'": null, '"pta_district'": '"'", '"pta_province'": '"'", '"2g_locked_tag'": null, '"4g_locked_tag'": null, '"archived_type'": null, '"coverage_type'": '"'", '"locked_status'": null, '"technical_city'": '"'", '"commercial_city'": '"'", '"part_of_dec_cfo'": '"'", '"city_prefix_based'": '"'", '"commercial_region'": '"'", '"total_l18_ab_cells'": null, '"commercial_district'": '"'", '"commercial_subregion'": '"'", '"sharing_type_hostguest'": '"'"}], '"updatedSites'": []}"
61,Super Admin,admin@oko.com,12312312,Edited,"{'"updatedSites'": [{'"2g'": '"2G'", '"4g'": '"4G'", '"bsc'": '"ISB006H'", '"lat'": '"34.831100'", '"mbu'": '"N3-GLT-04'", '"long'": '"73.055900'", '"scope'": '"asdas'", '"b2s_id'": '"asdasd'", '"prefix'": '"AAL'", '"region'": '"North'", '"vendor'": '"Huawei'", '"900_trx'": 7, '"mmcells'": '"No 4G'", '"1800_trx'": 1, '"2g_cells'": 3, '"4g_cells'": '"No 4G'", '"bsc_code'": '"ISB006H__I10_ISB_6'", '"omo_name'": '"dasda'", '"physical'": '"4G'", '"usf_site'": '"No'", '"site_code'": '"AAL22521'", '"site_type'": '"Own Built'", '"total_trx'": 7, '"pta_tehsil'": '"ALLAI TEHSIL'", '"4g_capacity'": '"No 4G'", '"l2100_cells'": '"No 4G'", '"l900a_cells'": '"No 4G'", '"pta_remarks'": '"asdas'", '"site_status'": '"Inactive'", '"franchise_id'": 7271, '"l1800a_cells'": '"No 4G'", '"l1800b_cells'": '"No 4G'", '"pta_district'": '"BATAGRAM'", '"pta_province'": '"KHYBER PAKHTUNKHWA'", '"2g_locked_tag'": '"asdas'", '"4g_locked_tag'": '"asdas'", '"coverage_type'": '"Macro'", '"technical_city'": '"Alai'", '"commercial_city'": '"Battagram_Rural'", '"part_of_dec_cfo'": '"Yes'", '"city_prefix_based'": '"Alai'", '"commercial_region'": '"North'", '"total_l18_ab_cells'": '"No 4G'", '"commercial_district'": '"Batagram'", '"commercial_subregion'": '"North 3'", '"sharing_type_hostguest'": '"asdas'"}]}"
62,Super Admin,admin@oko.com,12312312,Edited,"{'"updatedSites'": [{'"2g'": '"'", '"4g'": '"'", '"bsc'": '"'", '"lat'": null, '"mbu'": '"'", '"long'": null, '"scope'": null, '"b2s_id'": '"'", '"prefix'": '"'", '"region'": '"'", '"vendor'": '"'", '"900_trx'": null, '"mmcells'": null, '"1800_trx'": null, '"2g_cells'": null, '"4g_cells'": null, '"bsc_code'": '"'", '"omo_name'": '"'", '"physical'": '"'", '"usf_site'": '"'", '"site_code'": '"S1233'", '"site_type'": '"'", '"total_trx'": null, '"pta_tehsil'": '"'", '"4g_capacity'": '"'", '"l2100_cells'": null, '"l900a_cells'": null, '"pta_remarks'": null, '"site_status'": '"'", '"franchise_id'": null, '"l1800a_cells'": null, '"l1800b_cells'": null, '"pta_district'": '"'", '"pta_province'": '"'", '"2g_locked_tag'": null, '"4g_locked_tag'": null, '"coverage_type'": '"'", '"technical_city'": '"'", '"commercial_city'": '"'", '"part_of_dec_cfo'": '"'", '"city_prefix_based'": '"'", '"commercial_region'": '"'", '"total_l18_ab_cells'": null, '"commercial_district'": '"'", '"commercial_subregion'": '"'", '"sharing_type_hostguest'": '"'"}]}"
63,Super Admin,admin@oko.com,12312312,Edited,"{'"updatedSites'": [{'"2g'": '"'", '"4g'": '"'", '"bsc'": '"'", '"lat'": null, '"mbu'": '"'", '"long'": null, '"scope'": null, '"b2s_id'": '"'", '"prefix'": '"'", '"region'": '"'", '"vendor'": '"'", '"900_trx'": null, '"mmcells'": null, '"1800_trx'": null, '"2g_cells'": null, '"4g_cells'": null, '"bsc_code'": '"'", '"omo_name'": '"'", '"physical'": '"'", '"usf_site'": '"'", '"site_code'": '"Star8881212'", '"site_type'": '"'", '"total_trx'": null, '"pta_tehsil'": '"'", '"4g_capacity'": '"'", '"l2100_cells'": null, '"l900a_cells'": null, '"pta_remarks'": null, '"site_status'": '"'", '"franchise_id'": null, '"l1800a_cells'": null, '"l1800b_cells'": null, '"pta_district'": '"'", '"pta_province'": '"'", '"2g_locked_tag'": null, '"4g_locked_tag'": null, '"coverage_type'": '"'", '"technical_city'": '"'", '"commercial_city'": '"'", '"part_of_dec_cfo'": '"'", '"city_prefix_based'": '"'", '"commercial_region'": '"'", '"total_l18_ab_cells'": null, '"commercial_district'": '"'", '"commercial_subregion'": '"'", '"sharing_type_hostguest'": '"'"}]}"
64,Super Admin,admin@oko.com,12312312,Edited,"{'"updatedSites'": [{'"2g'": '"'", '"4g'": '"'", '"bsc'": '"'", '"lat'": null, '"mbu'": '"'", '"long'": null, '"scope'": null, '"b2s_id'": '"'", '"prefix'": '"'", '"region'": '"'", '"vendor'": '"'", '"900_trx'": null, '"mmcells'": null, '"1800_trx'": null, '"2g_cells'": null, '"4g_cells'": null, '"bsc_code'": '"'", '"omo_name'": '"'", '"physical'": '"'", '"usf_site'": '"'", '"site_code'": '"S1233h'", '"site_type'": '"'", '"total_trx'": null, '"pta_tehsil'": '"'", '"4g_capacity'": '"'", '"l2100_cells'": null, '"l900a_cells'": null, '"pta_remarks'": null, '"site_status'": '"'", '"franchise_id'": null, '"l1800a_cells'": null, '"l1800b_cells'": null, '"pta_district'": '"'", '"pta_province'": '"'", '"2g_locked_tag'": null, '"4g_locked_tag'": null, '"coverage_type'": '"'", '"technical_city'": '"'", '"commercial_city'": '"'", '"part_of_dec_cfo'": '"'", '"city_prefix_based'": '"'", '"commercial_region'": '"'", '"total_l18_ab_cells'": null, '"commercial_district'": '"'", '"commercial_subregion'": '"'", '"sharing_type_hostguest'": '"'"}]}"
65,Super Admin,admin@oko.com,12312312,Edited,"{'"updatedSites'": [{'"2g'": '"'", '"4g'": '"'", '"bsc'": '"'", '"lat'": null, '"mbu'": '"'", '"long'": null, '"scope'": null, '"b2s_id'": '"'", '"prefix'": '"'", '"region'": '"'", '"vendor'": '"'", '"900_trx'": null, '"mmcells'": null, '"1800_trx'": null, '"2g_cells'": null, '"4g_cells'": null, '"bsc_code'": '"'", '"omo_name'": '"'", '"physical'": '"'", '"usf_site'": '"'", '"site_code'": '"S7845'", '"site_type'": '"'", '"total_trx'": null, '"pta_tehsil'": '"'", '"4g_capacity'": '"'", '"l2100_cells'": null, '"l900a_cells'": null, '"pta_remarks'": null, '"site_status'": '"'", '"franchise_id'": null, '"l1800a_cells'": null, '"l1800b_cells'": null, '"pta_district'": '"'", '"pta_province'": '"'", '"2g_locked_tag'": null, '"4g_locked_tag'": null, '"coverage_type'": '"'", '"technical_city'": '"'", '"commercial_city'": '"'", '"part_of_dec_cfo'": '"'", '"city_prefix_based'": '"'", '"commercial_region'": '"'", '"total_l18_ab_cells'": null, '"commercial_district'": '"'", '"commercial_subregion'": '"'", '"sharing_type_hostguest'": '"'"}]}"
66,Jazz User,user.jazz@gmail.com,03463454345,Inserted,"{'"newSites'": [{'"2g'": '"'", '"4g'": '"'", '"bsc'": '"'", '"lat'": null, '"mbu'": '"'", '"long'": null, '"scope'": null, '"b2s_id'": '"'", '"prefix'": '"'", '"region'": '"'", '"vendor'": '"'", '"900_trx'": null, '"mmcells'": null, '"1800_trx'": null, '"2g_cells'": null, '"4g_cells'": null, '"bsc_code'": '"'", '"omo_name'": '"'", '"physical'": '"'", '"usf_site'": '"'", '"site_code'": '"'", '"site_type'": '"'", '"total_trx'": null, '"pta_tehsil'": '"'", '"4g_capacity'": '"'", '"l2100_cells'": null, '"l900a_cells'": null, '"pta_remarks'": null, '"site_status'": '"'", '"franchise_id'": null, '"l1800a_cells'": null, '"l1800b_cells'": null, '"pta_district'": '"'", '"pta_province'": '"'", '"2g_locked_tag'": null, '"4g_locked_tag'": null, '"coverage_type'": '"'", '"technical_city'": '"'", '"commercial_city'": '"'", '"part_of_dec_cfo'": '"'", '"city_prefix_based'": '"'", '"commercial_region'": '"'", '"total_l18_ab_cells'": null, '"commercial_district'": '"'", '"commercial_subregion'": '"'", '"sharing_type_hostguest'": '"'"}]}"
67,Jazz User,user.jazz@gmail.com,03463454345,Inserted,"{'"newSites'": [{'"2g'": '"'", '"4g'": '"'", '"bsc'": '"'", '"lat'": null, '"mbu'": '"'", '"long'": null, '"scope'": null, '"b2s_id'": '"'", '"prefix'": '"'", '"region'": '"'", '"vendor'": '"'", '"900_trx'": null, '"mmcells'": null, '"1800_trx'": '"6876'", '"2g_cells'": null, '"4g_cells'": null, '"bsc_code'": '"'", '"omo_name'": '"'", '"physical'": '"'", '"usf_site'": '"'", '"site_code'": '"'", '"site_type'": '"'", '"total_trx'": null, '"pta_tehsil'": '"'", '"4g_capacity'": '"'", '"l2100_cells'": null, '"l900a_cells'": null, '"pta_remarks'": null, '"site_status'": '"'", '"franchise_id'": null, '"l1800a_cells'": null, '"l1800b_cells'": null, '"pta_district'": '"'", '"pta_province'": '"'", '"2g_locked_tag'": null, '"4g_locked_tag'": null, '"coverage_type'": '"'", '"technical_city'": '"'", '"commercial_city'": '"'", '"part_of_dec_cfo'": '"'", '"city_prefix_based'": '"'", '"commercial_region'": '"'", '"total_l18_ab_cells'": null, '"commercial_district'": '"'", '"commercial_subregion'": '"'", '"sharing_type_hostguest'": '"'"}]}"
68,Jazz User,user.jazz@gmail.com,03463454345,Inserted,"{'"newSites'": [{'"2g'": '"'", '"4g'": '"'", '"bsc'": '"'", '"lat'": null, '"mbu'": '"'", '"long'": null, '"scope'": null, '"b2s_id'": '"'", '"prefix'": '"'", '"region'": '"'", '"vendor'": '"'", '"900_trx'": null, '"mmcells'": null, '"1800_trx'": '"67777'", '"2g_cells'": null, '"4g_cells'": null, '"bsc_code'": '"'", '"omo_name'": '"'", '"physical'": '"'", '"usf_site'": '"'", '"site_code'": '"'", '"site_type'": '"'", '"total_trx'": null, '"pta_tehsil'": '"'", '"4g_capacity'": '"'", '"l2100_cells'": null, '"l900a_cells'": null, '"pta_remarks'": null, '"site_status'": '"'", '"franchise_id'": null, '"l1800a_cells'": null, '"l1800b_cells'": null, '"pta_district'": '"'", '"pta_province'": '"'", '"2g_locked_tag'": null, '"4g_locked_tag'": null, '"coverage_type'": '"'", '"technical_city'": '"'", '"commercial_city'": '"'", '"part_of_dec_cfo'": '"'", '"city_prefix_based'": '"'", '"commercial_region'": '"'", '"total_l18_ab_cells'": null, '"commercial_district'": '"'", '"commercial_subregion'": '"'", '"sharing_type_hostguest'": '"'"}]}"
69,Jazz User,user.jazz@gmail.com,03463454345,Inserted,"{'"newSites'": [{'"2g'": '"'", '"4g'": '"'", '"bsc'": '"'", '"lat'": null, '"mbu'": '"'", '"long'": null, '"scope'": null, '"b2s_id'": '"'", '"prefix'": '"'", '"region'": '"'", '"vendor'": '"'", '"900_trx'": null, '"mmcells'": null, '"1800_trx'": '"77477'", '"2g_cells'": null, '"4g_cells'": null, '"bsc_code'": '"'", '"omo_name'": '"'", '"physical'": '"'", '"usf_site'": '"'", '"site_code'": '"'", '"site_type'": '"'", '"total_trx'": null, '"pta_tehsil'": '"'", '"4g_capacity'": '"'", '"l2100_cells'": null, '"l900a_cells'": null, '"pta_remarks'": null, '"site_status'": '"'", '"franchise_id'": null, '"l1800a_cells'": null, '"l1800b_cells'": null, '"pta_district'": '"'", '"pta_province'": '"'", '"2g_locked_tag'": null, '"4g_locked_tag'": null, '"coverage_type'": '"'", '"technical_city'": '"'", '"commercial_city'": '"'", '"part_of_dec_cfo'": '"'", '"city_prefix_based'": '"'", '"commercial_region'": '"'", '"total_l18_ab_cells'": null, '"commercial_district'": '"'", '"commercial_subregion'": '"'", '"sharing_type_hostguest'": '"'"}]}"
70,Jazz User,user.jazz@gmail.com,03463454345,Inserted,"{'"newSites'": [{'"2g'": '"'", '"4g'": '"'", '"bsc'": '"'", '"lat'": null, '"mbu'": '"'", '"long'": null, '"scope'": null, '"b2s_id'": '"'", '"prefix'": '"'", '"region'": '"'", '"vendor'": '"'", '"900_trx'": null, '"mmcells'": null, '"1800_trx'": '"1233'", '"2g_cells'": null, '"4g_cells'": null, '"bsc_code'": '"'", '"omo_name'": '"'", '"physical'": '"'", '"usf_site'": '"'", '"site_code'": '"'", '"site_type'": '"'", '"total_trx'": null, '"pta_tehsil'": '"'", '"4g_capacity'": '"'", '"l2100_cells'": null, '"l900a_cells'": null, '"pta_remarks'": null, '"site_status'": '"'", '"franchise_id'": null, '"l1800a_cells'": null, '"l1800b_cells'": null, '"pta_district'": '"'", '"pta_province'": '"'", '"2g_locked_tag'": null, '"4g_locked_tag'": null, '"coverage_type'": '"'", '"technical_city'": '"'", '"commercial_city'": '"'", '"part_of_dec_cfo'": '"'", '"city_prefix_based'": '"'", '"commercial_region'": '"'", '"total_l18_ab_cells'": null, '"commercial_district'": '"'", '"commercial_subregion'": '"'", '"sharing_type_hostguest'": '"'"}]}"
71,Jazz User,user.jazz@gmail.com,03463454345,Inserted,"{'"newSites'": [{'"2g'": '"'", '"4g'": '"'", '"bsc'": '"'", '"lat'": null, '"mbu'": '"'", '"long'": null, '"scope'": null, '"b2s_id'": '"'", '"prefix'": '"'", '"region'": '"'", '"vendor'": '"'", '"900_trx'": null, '"mmcells'": null, '"1800_trx'": null, '"2g_cells'": null, '"4g_cells'": null, '"bsc_code'": '"'", '"omo_name'": '"'", '"physical'": '"'", '"usf_site'": '"'", '"site_code'": '"'", '"site_type'": '"'", '"total_trx'": null, '"pta_tehsil'": '"'", '"4g_capacity'": '"'", '"l2100_cells'": null, '"l900a_cells'": null, '"pta_remarks'": null, '"site_status'": '"'", '"franchise_id'": null, '"l1800a_cells'": null, '"l1800b_cells'": null, '"pta_district'": '"'", '"pta_province'": '"'", '"2g_locked_tag'": null, '"4g_locked_tag'": null, '"coverage_type'": '"'", '"technical_city'": '"'", '"commercial_city'": '"'", '"part_of_dec_cfo'": '"'", '"city_prefix_based'": '"'", '"commercial_region'": '"'", '"total_l18_ab_cells'": null, '"commercial_district'": '"'", '"commercial_subregion'": '"'", '"sharing_type_hostguest'": '"'"}]}"
72,Jazz User,user.jazz@gmail.com,03463454345,Inserted,"{'"newSites'": [{'"2g'": '"'", '"4g'": '"'", '"bsc'": '"'", '"lat'": null, '"mbu'": '"'", '"long'": null, '"scope'": null, '"b2s_id'": '"'", '"prefix'": '"'", '"region'": '"'", '"vendor'": '"'", '"900_trx'": null, '"mmcells'": null, '"1800_trx'": null, '"2g_cells'": null, '"4g_cells'": null, '"bsc_code'": '"'", '"omo_name'": '"'", '"physical'": '"'", '"usf_site'": '"'", '"site_code'": '"'", '"site_type'": '"'", '"total_trx'": null, '"pta_tehsil'": '"'", '"4g_capacity'": '"'", '"l2100_cells'": null, '"l900a_cells'": null, '"pta_remarks'": null, '"site_status'": '"'", '"franchise_id'": null, '"l1800a_cells'": null, '"l1800b_cells'": null, '"pta_district'": '"'", '"pta_province'": '"'", '"2g_locked_tag'": null, '"4g_locked_tag'": null, '"coverage_type'": '"'", '"technical_city'": '"'", '"commercial_city'": '"'", '"part_of_dec_cfo'": '"'", '"city_prefix_based'": '"'", '"commercial_region'": '"'", '"total_l18_ab_cells'": null, '"commercial_district'": '"'", '"commercial_subregion'": '"'", '"sharing_type_hostguest'": '"'"}]}"
73,Jazz User,user.jazz@gmail.com,03463454345,Inserted,"{'"newSites'": [{'"2g'": '"'", '"4g'": '"'", '"bsc'": '"'", '"lat'": null, '"mbu'": '"'", '"long'": null, '"scope'": null, '"b2s_id'": '"'", '"prefix'": '"'", '"region'": '"'", '"vendor'": '"'", '"900_trx'": null, '"mmcells'": null, '"1800_trx'": '"78789987'", '"2g_cells'": null, '"4g_cells'": null, '"bsc_code'": '"'", '"omo_name'": '"'", '"physical'": '"'", '"usf_site'": '"'", '"site_code'": '"'", '"site_type'": '"'", '"total_trx'": null, '"pta_tehsil'": '"'", '"4g_capacity'": '"'", '"l2100_cells'": null, '"l900a_cells'": null, '"pta_remarks'": null, '"site_status'": '"'", '"franchise_id'": null, '"l1800a_cells'": null, '"l1800b_cells'": null, '"pta_district'": '"'", '"pta_province'": '"'", '"2g_locked_tag'": null, '"4g_locked_tag'": null, '"coverage_type'": '"'", '"technical_city'": '"'", '"commercial_city'": '"'", '"part_of_dec_cfo'": '"'", '"city_prefix_based'": '"'", '"commercial_region'": '"'", '"total_l18_ab_cells'": null, '"commercial_district'": '"'", '"commercial_subregion'": '"'", '"sharing_type_hostguest'": '"'"}]}"
74,Jazz User,user.jazz@gmail.com,03463454345,Inserted,"{'"newSites'": [{'"2g'": '"'", '"4g'": '"'", '"bsc'": '"'", '"lat'": null, '"mbu'": '"'", '"long'": null, '"scope'": null, '"b2s_id'": '"'", '"prefix'": '"'", '"region'": '"'", '"vendor'": '"'", '"900_trx'": null, '"mmcells'": null, '"1800_trx'": '"888888'", '"2g_cells'": null, '"4g_cells'": null, '"bsc_code'": '"'", '"omo_name'": '"'", '"physical'": '"'", '"usf_site'": '"'", '"site_code'": '"abcg564546'", '"site_type'": '"'", '"total_trx'": null, '"pta_tehsil'": '"'", '"4g_capacity'": '"'", '"l2100_cells'": null, '"l900a_cells'": null, '"pta_remarks'": null, '"site_status'": '"'", '"franchise_id'": null, '"l1800a_cells'": null, '"l1800b_cells'": null, '"pta_district'": '"'", '"pta_province'": '"'", '"2g_locked_tag'": null, '"4g_locked_tag'": null, '"coverage_type'": '"'", '"technical_city'": '"'", '"commercial_city'": '"'", '"part_of_dec_cfo'": '"'", '"city_prefix_based'": '"'", '"commercial_region'": '"'", '"total_l18_ab_cells'": null, '"commercial_district'": '"'", '"commercial_subregion'": '"'", '"sharing_type_hostguest'": '"'"}]}"
75,Jazz User,user.jazz@gmail.com,03463454345,Inserted,"{'"newSites'": [{'"2g'": '"3G'", '"4g'": '"4G'", '"bsc'": '"'", '"lat'": null, '"mbu'": '"'", '"long'": null, '"scope'": null, '"b2s_id'": '"'", '"prefix'": '"'", '"region'": '"Central A'", '"vendor'": '"Ericsson'", '"900_trx'": null, '"mmcells'": null, '"1800_trx'": null, '"2g_cells'": null, '"4g_cells'": null, '"bsc_code'": '"'", '"omo_name'": '"'", '"physical'": '"2G+4G'", '"usf_site'": '"'", '"site_code'": '"5'", '"site_type'": '"'", '"total_trx'": null, '"pta_tehsil'": '"'", '"4g_capacity'": '"'", '"l2100_cells'": null, '"l900a_cells'": null, '"pta_remarks'": null, '"site_status'": '"'", '"franchise_id'": null, '"l1800a_cells'": null, '"l1800b_cells'": null, '"pta_district'": '"'", '"pta_province'": '"'", '"2g_locked_tag'": null, '"4g_locked_tag'": null, '"coverage_type'": '"Macro'", '"technical_city'": '"'", '"commercial_city'": '"'", '"part_of_dec_cfo'": '"'", '"city_prefix_based'": '"'", '"commercial_region'": '"'", '"total_l18_ab_cells'": null, '"commercial_district'": '"'", '"commercial_subregion'": '"'", '"sharing_type_hostguest'": '"'"}]}"
76,Jazz User,user.jazz@gmail.com,03463454345,Inserted,"{'"newSites'": [{'"2g'": '"4G'", '"4g'": '"4G'", '"bsc'": '"'", '"lat'": null, '"mbu'": '"'", '"long'": null, '"scope'": null, '"b2s_id'": '"'", '"prefix'": '"'", '"region'": '"Central A'", '"vendor'": '"ZTE'", '"900_trx'": null, '"mmcells'": null, '"1800_trx'": '"4'", '"2g_cells'": null, '"4g_cells'": null, '"bsc_code'": '"'", '"omo_name'": '"'", '"physical'": '"2G+4G'", '"usf_site'": '"'", '"site_code'": '"7'", '"site_type'": '"'", '"total_trx'": null, '"pta_tehsil'": '"'", '"4g_capacity'": '"'", '"l2100_cells'": null, '"l900a_cells'": null, '"pta_remarks'": null, '"site_status'": '"Inactive'", '"franchise_id'": null, '"l1800a_cells'": null, '"l1800b_cells'": null, '"pta_district'": '"'", '"pta_province'": '"'", '"2g_locked_tag'": null, '"4g_locked_tag'": null, '"coverage_type'": '"Rural'", '"technical_city'": '"'", '"commercial_city'": '"'", '"part_of_dec_cfo'": '"Yes'", '"city_prefix_based'": '"'", '"commercial_region'": '"'", '"total_l18_ab_cells'": null, '"commercial_district'": '"'", '"commercial_subregion'": '"'", '"sharing_type_hostguest'": '"'"}]}"
77,Jazz User,user.jazz@gmail.com,03463454345,Inserted: 0 | Updated: 0 | Deleted: 0 | Total Records: 0,"{'"newSite'": [{'"2g'": '"2G'", '"bsc'": '"ISB006H'", '"lat'": 34.8311, '"mbu'": '"N3-GLT-04'", '"long'": 73.0559, '"scope'": null, '"b2s_id'": null, '"prefix'": '"AAL'", '"region'": '"North'", '"vendor'": '"Huawei'", '"900_trx'": 7, '"mmcells'": '"No 4G'", '"1800_trx'": 0, '"2g_cells'": 3, '"4g_cells'": '"No 4G'", '"bsc_code'": '"ISB006H__I10_ISB_6'", '"omo_name'": null, '"physical'": '"2G'", '"usf_site'": '"No'", '"site_code'": '"AAL2251'", '"site_type'": '"Own Built'", '"total_trx'": 7, '"pta_tehsil'": '"ALLAI TEHSIL'", '"4g_capacity'": '"No 4G'", '"l2100_cells'": '"No 4G'", '"l900a_cells'": '"No 4G'", '"pta_remarks'": null, '"site_status'": '"Active'", '"franchise_id'": 7271, '"l1800a_cells'": '"No 4G'", '"l1800b_cells'": '"No 4G'", '"pta_district'": '"BATAGRAM'", '"pta_province'": '"KHYBER PAKHTUNKHWA'", '"2g_locked_tag'": null, '"4g_locked_tag'": null, '"coverage_type'": '"Macro'", '"technical_city'": '"Alai'", '"commercial_city'": '"Battagram_Rural'", '"part_of_dec_cfo_'": '"Yes'", '"city_prefix_based'": '"Alai'", '"commercial_region'": '"North'", '"total_l18_ab_cells'": '"No 4G'", '"commercial_district'": '"Batagram'", '"commercial_subregion'": '"North 3'", '"sharing_type_hostguest'": null}, {'"2g'": '"2G'", '"4g'": '"4G'", '"bsc'": '"ISB006H'", '"lat'": 34.8176, '"mbu'": '"N3-GLT-04'", '"long'": 73.0833, '"scope'": null, '"b2s_id'": null, '"prefix'": '"AAL'", '"region'": '"North'", '"vendor'": '"Huawei'", '"900_trx'": 9, '"mmcells'": null, '"1800_trx'": 6, '"2g_cells'": 3, '"4g_cells'": 3, '"bsc_code'": '"ISB006H__I10_ISB_6'", '"omo_name'": null, '"physical'": '"2G+4G'", '"usf_site'": '"No'", '"site_code'": '"AAL2252'", '"site_type'": '"Own Built'", '"total_trx'": 15, '"pta_tehsil'": '"ALLAI TEHSIL'", '"4g_capacity'": '"2T2R'", '"l2100_cells'": 0, '"l900a_cells'": 0, '"pta_remarks'": null, '"site_status'": '"Active'", '"franchise_id'": 7271, '"l1800a_cells'": 3, '"l1800b_cells'": 0, '"pta_district'": '"BATAGRAM'", '"pta_province'": '"KHYBER PAKHTUNKHWA'", '"2g_locked_tag'": null, '"4g_locked_tag'": null, '"coverage_type'": '"Macro'", '"technical_city'": '"Alai'", '"commercial_city'": '"Battagram_Rural'", '"part_of_dec_cfo_'": '"Yes'", '"city_prefix_based'": '"Alai'", '"commercial_region'": '"North'", '"total_l18_ab_cells'": 3, '"commercial_district'": '"Batagram'", '"commercial_subregion'": '"North 3'", '"sharing_type_hostguest'": null}, {'"2g'": '"2G'", '"4g'": '"4G'", '"bsc'": '"ISB006H'", '"lat'": 34.8294, '"mbu'": '"N3-GLT-04'", '"long'": 73.0851, '"scope'": null, '"b2s_id'": '"EN1-BTG-04901'", '"prefix'": '"AAL'", '"region'": '"North'", '"vendor'": '"Huawei'", '"900_trx'": 12, '"mmcells'": null, '"1800_trx'": 0, '"2g_cells'": 3, '"4g_cells'": 3, '"bsc_code'": '"ISB006H__I10_ISB_6'", '"omo_name'": '"Enfra-COLO'", '"physical'": '"2G+4G'", '"usf_site'": '"No'", '"site_code'": '"AAL5687'", '"site_type'": '"COLO'", '"total_trx'": 12, '"pta_tehsil'": '"ALLAI TEHSIL'", '"4g_capacity'": '"4T4R'", '"l2100_cells'": 0, '"l900a_cells'": 0, '"pta_remarks'": null, '"site_status'": '"Active'", '"franchise_id'": 7271, '"l1800a_cells'": 3, '"l1800b_cells'": 0, '"pta_district'": '"BATAGRAM'", '"pta_province'": '"KHYBER PAKHTUNKHWA'", '"2g_locked_tag'": null, '"4g_locked_tag'": null, '"coverage_type'": '"Macro'", '"technical_city'": '"Alai'", '"commercial_city'": '"Battagram_Rural'", '"part_of_dec_cfo_'": '"Yes'", '"city_prefix_based'": '"Alai'", '"commercial_region'": '"North'", '"total_l18_ab_cells'": 3, '"commercial_district'": '"Batagram'", '"commercial_subregion'": '"North 3'", '"sharing_type_hostguest'": '"Guest'"}, {'"2g'": '"2G'", '"4g'": '"4G'", '"bsc'": '"ISB006H'", '"lat'": 34.8373, '"mbu'": '"N3-GLT-04'", '"long'": 73.0331, '"scope'": null, '"b2s_id'": '"N-ALA-3064'", '"prefix'": '"AAL'", '"region'": '"North'", '"vendor'": '"Huawei'", '"900_trx'": 8, '"mmcells'": null, '"1800_trx'": 0, '"2g_cells'": 3, '"4g_cells'": 3, '"bsc_code'": '"ISB006H__I10_ISB_6'", '"omo_name'": '"CMPAK'", '"physical'": '"2G+4G'", '"usf_site'": '"No'", '"site_code'": '"AAL7845'", '"site_type'": '"Own Built'", '"total_trx'": 8, '"pta_tehsil'": '"ALLAI TEHSIL'", '"4g_capacity'": '"2T2R'", '"l2100_cells'": 0, '"l900a_cells'": 0, '"pta_remarks'": null, '"site_status'": '"Active'", '"franchise_id'": 7271, '"l1800a_cells'": 3, '"l1800b_cells'": 0, '"pta_district'": '"BATAGRAM'", '"pta_province'": '"KHYBER PAKHTUNKHWA'", '"2g_locked_tag'": null, '"4g_locked_tag'": null, '"coverage_type'": '"Macro'", '"technical_city'": '"Alai'", '"commercial_city'": '"Battagram_Rural'", '"part_of_dec_cfo_'": '"Yes'", '"city_prefix_based'": '"Alai'", '"commercial_region'": '"North'", '"total_l18_ab_cells'": 3, '"commercial_district'": '"Batagram'", '"commercial_subregion'": '"North 3'", '"sharing_type_hostguest'": '"Host'"}, {'"2g'": '"2G'", '"4g'": '"4G'", '"bsc'": '"RYK317Z'", '"lat'": 28.737605, '"mbu'": '"C7-KNP-06'", '"long'": 70.956105, '"scope'": null, '"b2s_id'": '"ES2-LQP-01977'", '"prefix'": '"ABB'", '"region'": '"Central B'", '"vendor'": '"ZTE'", '"900_trx'": 14, '"mmcells'": null, '"1800_trx'": 2, '"2g_cells'": 3, '"4g_cells'": 3, '"bsc_code'": '"RYK317Z_MGW_2'", '"omo_name'": '"Enfrashare'", '"physical'": '"2G+4G'", '"usf_site'": '"No'", '"site_code'": '"ABB3814'", '"site_type'": '"Tower co B2S'", '"total_trx'": 16, '"pta_tehsil'": '"LIAQUATPUR TEHSIL'", '"4g_capacity'": '"2T2R'", '"l2100_cells'": 0, '"l900a_cells'": 0, '"pta_remarks'": null, '"site_status'": '"Active'", '"franchise_id'": 7639, '"l1800a_cells'": 3, '"l1800b_cells'": 0, '"pta_district'": '"RAHIM YAR KHAN'", '"pta_province'": '"PUNJAB'", '"2g_locked_tag'": null, '"4g_locked_tag'": null, '"coverage_type'": '"Macro'", '"technical_city'": '"Rural'", '"commercial_city'": '"Liaqatpur_Rural'", '"part_of_dec_cfo_'": '"Yes'", '"city_prefix_based'": '"Abbasia'", '"commercial_region'": '"Central B'", '"total_l18_ab_cells'": 3, '"commercial_district'": '"Rahim Yar Khan'", '"commercial_subregion'": '"Central 7'", '"sharing_type_hostguest'": '"Guest'"}, {'"2g'": '"2G'", '"4g'": '"4G'", '"bsc'": '"RYK317Z'", '"lat'": 28.79966, '"mbu'": '"C7-KNP-06'", '"long'": 70.92661, '"scope'": null, '"b2s_id'": '"MFZ005'", '"prefix'": '"ABB'", '"region'": '"Central B'", '"vendor'": '"ZTE'", '"900_trx'": 10, '"mmcells'": null, '"1800_trx'": 4, '"2g_cells'": 3, '"4g_cells'": 3, '"bsc_code'": '"RYK317Z_MGW_2'", '"omo_name'": '"Telenor'", '"physical'": '"2G+4G'", '"usf_site'": '"Yes'", '"site_code'": '"ABB4360'", '"site_type'": '"Own Built'", '"total_trx'": 14, '"pta_tehsil'": '"LIAQUATPUR TEHSIL'", '"4g_capacity'": '"2T2R'", '"l2100_cells'": 0, '"l900a_cells'": 0, '"pta_remarks'": null, '"site_status'": '"Active'", '"franchise_id'": 7639, '"l1800a_cells'": 3, '"l1800b_cells'": 0, '"pta_district'": '"RAHIM YAR KHAN'", '"pta_province'": '"PUNJAB'", '"2g_locked_tag'": null, '"4g_locked_tag'": null, '"coverage_type'": '"Macro'", '"technical_city'": '"Abbasia'", '"commercial_city'": '"Liaqatpur_Rural'", '"part_of_dec_cfo_'": '"Yes'", '"city_prefix_based'": '"Abbasia'", '"commercial_region'": '"Central B'", '"total_l18_ab_cells'": 3, '"commercial_district'": '"Rahim Yar Khan'", '"commercial_subregion'": '"Central 7'", '"sharing_type_hostguest'": '"Host'"}, {'"2g'": '"2G'", '"4g'": '"4G'", '"bsc'": '"RYK317Z'", '"lat'": 28.76972, '"mbu'": '"C7-KNP-06'", '"long'": 70.87323, '"scope'": null, '"b2s_id'": '"42040'", '"prefix'": '"ABB'", '"region'": '"Central B'", '"vendor'": '"ZTE'", '"900_trx'": 11, '"mmcells'": null, '"1800_trx'": 4, '"2g_cells'": 3, '"4g_cells'": 3, '"bsc_code'": '"RYK317Z_MGW_2'", '"omo_name'": '"CMPAK'", '"physical'": '"2G+4G'", '"usf_site'": '"Yes'", '"site_code'": '"ABB4361'", '"site_type'": '"Own Built'", '"total_trx'": 15, '"pta_tehsil'": '"LIAQUATPUR TEHSIL'", '"4g_capacity'": '"2T2R'", '"l2100_cells'": 0, '"l900a_cells'": 0, '"pta_remarks'": null, '"site_status'": '"Active'", '"franchise_id'": 7639, '"l1800a_cells'": 3, '"l1800b_cells'": 0, '"pta_district'": '"RAHIM YAR KHAN'", '"pta_province'": '"PUNJAB'", '"2g_locked_tag'": null, '"4g_locked_tag'": null, '"coverage_type'": '"Macro'", '"technical_city'": '"Abbasia'", '"commercial_city'": '"Liaqatpur_Rural'", '"part_of_dec_cfo_'": '"Yes'", '"city_prefix_based'": '"Abbasia'", '"commercial_region'": '"Central B'", '"total_l18_ab_cells'": 3, '"commercial_district'": '"Rahim Yar Khan'", '"commercial_subregion'": '"Central 7'", '"sharing_type_hostguest'": '"Host'"}, {'"2g'": '"2G'", '"4g'": '"4G'", '"bsc'": '"SGD344Z'", '"lat'": 32.228, '"mbu'": '"C5-SGD-08'", '"long'": 72.4724, '"scope'": null, '"b2s_id'": null, '"prefix'": '"ABD'", '"region'": '"Central B'", '"vendor'": '"ZTE'", '"900_trx'": 6, '"mmcells'": null, '"1800_trx'": 7, '"2g_cells'": 3, '"4g_cells'": 3, '"bsc_code'": '"SGD344Z_MGW_2'", '"omo_name'": null, '"physical'": '"2G+4G'", '"usf_site'": '"No'", '"site_code'": '"ABD8702'", '"site_type'": '"Own Built'", '"total_trx'": 13, '"pta_tehsil'": '"SHAHPUR TEHSIL'", '"4g_capacity'": '"2T2R'", '"l2100_cells'": 0, '"l900a_cells'": 0, '"pta_remarks'": null, '"site_status'": '"Active'", '"franchise_id'": 7881, '"l1800a_cells'": 3, '"l1800b_cells'": 0, '"pta_district'": '"SARGODHA'", '"pta_province'": '"PUNJAB'", '"2g_locked_tag'": null, '"4g_locked_tag'": null, '"coverage_type'": '"Macro'", '"technical_city'": '"Ameenabad'", '"commercial_city'": '"Khushab_Rural'", '"part_of_dec_cfo_'": '"Yes'", '"city_prefix_based'": '"Ameenabad'", '"commercial_region'": '"Central B'", '"total_l18_ab_cells'": 3, '"commercial_district'": '"Sargodha'", '"commercial_subregion'": '"Central 5'", '"sharing_type_hostguest'": null}, {'"2g'": '"2G'", '"4g'": '"4G'", '"bsc'": '"SGD344Z'", '"lat'": 32.19254, '"mbu'": '"C5-SGD-08'", '"long'": 72.48453, '"scope'": null, '"b2s_id'": '"MJHB01'", '"prefix'": '"ABD'", '"region'": '"Central B'", '"vendor'": '"ZTE'", '"900_trx'": 13, '"mmcells'": null, '"1800_trx'": 15, '"2g_cells'": 4, '"4g_cells'": 8, '"bsc_code'": '"SGD344Z_MGW_2'", '"omo_name'": '"Telenor'", '"physical'": '"2G+4G'", '"usf_site'": '"No'", '"site_code'": '"ABD8704'", '"site_type'": '"Own Built'", '"total_trx'": 28, '"pta_tehsil'": '"SHAHPUR TEHSIL'", '"4g_capacity'": '"2T2R'", '"l2100_cells'": 4, '"l900a_cells'": 0, '"pta_remarks'": null, '"site_status'": '"Active'", '"franchise_id'": 7881, '"l1800a_cells'": 4, '"l1800b_cells'": 0, '"pta_district'": '"SARGODHA'", '"pta_province'": '"PUNJAB'", '"2g_locked_tag'": null, '"4g_locked_tag'": null, '"coverage_type'": '"Macro'", '"technical_city'": '"Ameenabad'", '"commercial_city'": '"Khushab_Rural'", '"part_of_dec_cfo_'": '"Yes'", '"city_prefix_based'": '"Ameenabad'", '"commercial_region'": '"Central B'", '"total_l18_ab_cells'": 4, '"commercial_district'": '"Sargodha'", '"commercial_subregion'": '"Central 5'", '"sharing_type_hostguest'": '"Host'"}, {'"2g'": '"2G'", '"4g'": '"4G'", '"bsc'": '"MUL325Z'", '"lat'": 30.55405, '"mbu'": '"C6-KWL-01'", '"long'": 72.13422, '"scope'": null, '"b2s_id'": null, '"prefix'": '"ABH'", '"region'": '"Central B'", '"vendor'": '"ZTE'", '"900_trx'": 9, '"mmcells'": null, '"1800_trx'": 11, '"2g_cells'": 3, '"4g_cells'": 12, '"bsc_code'": '"MUL325Z_MGW_2'", '"omo_name'": null, '"physical'": '"2G+4G'", '"usf_site'": '"No'", '"site_code'": '"ABH0161'", '"site_type'": '"Own Built'", '"total_trx'": 20, '"pta_tehsil'": '"KABIRWALA TEHSIL'", '"4g_capacity'": '"4T6S'", '"l2100_cells'": 3, '"l900a_cells'": 3, '"pta_remarks'": null, '"site_status'": '"Active'", '"franchise_id'": 7469, '"l1800a_cells'": 3, '"l1800b_cells'": 3, '"pta_district'": '"KHANEWAL'", '"pta_province'": '"PUNJAB'", '"2g_locked_tag'": null, '"4g_locked_tag'": null, '"coverage_type'": '"Macro'", '"technical_city'": '"Abdul Hakeem'", '"commercial_city'": '"Kabirwala_Rural'", '"part_of_dec_cfo_'": '"Yes'", '"city_prefix_based'": '"Abdul Hakeem'", '"commercial_region'": '"Central B'", '"total_l18_ab_cells'": 6, '"commercial_district'": '"Khanewal'", '"commercial_subregion'": '"Central 6'", '"sharing_type_hostguest'": null}], '"deletedSite'": [{'"2g'": '"'", '"4g'": '"'", '"id'": 16, '"bsc'": '"'", '"lat'": null, '"mbu'": '"'", '"long'": null, '"scope'": '"'", '"b2s_id'": '"'", '"prefix'": '"'", '"reason'": null, '"region'": '"'", '"status'": null, '"vendor'": '"'", '"900_trx'": null, '"mmcells'": null, '"site_to'": null, '"1800_trx'": null, '"2g_cells'": null, '"4g_cells'": null, '"archived'": false, '"bsc_code'": '"'", '"comments'": null, '"omo_name'": '"'", '"physical'": '"'", '"usf_site'": '"'", '"site_code'": '"12342'", '"site_from'": null, '"site_type'": '"'", '"total_trx'": null, '"bp_remarks'": null, '"pta_tehsil'": '"'", '"4g_capacity'": '"'", '"l2100_cells'": null, '"l900a_cells'": null, '"pta_remarks'": '"'", '"site_status'": '"'", '"franchise_id'": null, '"l1800a_cells'": null, '"l1800b_cells'": null, '"pta_district'": '"'", '"pta_province'": '"'", '"2g_locked_tag'": '"'", '"4g_locked_tag'": '"'", '"archived_type'": null, '"coverage_type'": '"'", '"locked_status'": null, '"technical_city'": '"'", '"commercial_city'": '"'", '"part_of_dec_cfo'": '"'", '"city_prefix_based'": '"'", '"commercial_region'": '"'", '"total_l18_ab_cells'": null, '"commercial_district'": '"'", '"commercial_subregion'": '"'", '"onfp_planning_remarks'": null, '"sharing_type_hostguest'": '"'"}, {'"2g'": '"'", '"4g'": '"'", '"id'": 17, '"bsc'": '"'", '"lat'": null, '"mbu'": '"'", '"long'": null, '"scope'": null, '"b2s_id'": '"'", '"prefix'": '"'", '"reason'": null, '"region'": '"'", '"status'": null, '"vendor'": '"'", '"900_trx'": null, '"mmcells'": null, '"site_to'": null, '"1800_trx'": null, '"2g_cells'": null, '"4g_cells'": null, '"archived'": false, '"bsc_code'": '"'", '"comments'": null, '"omo_name'": '"'", '"physical'": '"'", '"usf_site'": '"'", '"site_code'": '"5800'", '"site_from'": null, '"site_type'": '"'", '"total_trx'": null, '"bp_remarks'": null, '"pta_tehsil'": '"'", '"4g_capacity'": '"'", '"l2100_cells'": null, '"l900a_cells'": null, '"pta_remarks'": null, '"site_status'": '"'", '"franchise_id'": null, '"l1800a_cells'": null, '"l1800b_cells'": null, '"pta_district'": '"'", '"pta_province'": '"'", '"2g_locked_tag'": null, '"4g_locked_tag'": null, '"archived_type'": null, '"coverage_type'": '"'", '"locked_status'": null, '"technical_city'": '"'", '"commercial_city'": '"'", '"part_of_dec_cfo'": '"'", '"city_prefix_based'": '"'", '"commercial_region'": '"'", '"total_l18_ab_cells'": null, '"commercial_district'": '"'", '"commercial_subregion'": '"'", '"onfp_planning_remarks'": null, '"sharing_type_hostguest'": '"'"}, {'"2g'": '"'", '"4g'": '"'", '"id'": 18, '"bsc'": '"'", '"lat'": null, '"mbu'": '"'", '"long'": null, '"scope'": null, '"b2s_id'": '"'", '"prefix'": '"'", '"reason'": null, '"region'": '"'", '"status'": null, '"vendor'": '"'", '"900_trx'": null, '"mmcells'": null, '"site_to'": null, '"1800_trx'": null, '"2g_cells'": null, '"4g_cells'": null, '"archived'": false, '"bsc_code'": '"'", '"comments'": null, '"omo_name'": '"'", '"physical'": '"'", '"usf_site'": '"'", '"site_code'": '"090078'", '"site_from'": null, '"site_type'": '"'", '"total_trx'": null, '"bp_remarks'": null, '"pta_tehsil'": '"'", '"4g_capacity'": '"'", '"l2100_cells'": null, '"l900a_cells'": null, '"pta_remarks'": null, '"site_status'": '"'", '"franchise_id'": null, '"l1800a_cells'": null, '"l1800b_cells'": null, '"pta_district'": '"'", '"pta_province'": '"'", '"2g_locked_tag'": null, '"4g_locked_tag'": null, '"archived_type'": null, '"coverage_type'": '"'", '"locked_status'": null, '"technical_city'": '"'", '"commercial_city'": '"'", '"part_of_dec_cfo'": '"'", '"city_prefix_based'": '"'", '"commercial_region'": '"'", '"total_l18_ab_cells'": null, '"commercial_district'": '"'", '"commercial_subregion'": '"'", '"onfp_planning_remarks'": null, '"sharing_type_hostguest'": '"'"}, {'"2g'": '"'", '"4g'": '"'", '"id'": 19, '"bsc'": '"'", '"lat'": null, '"mbu'": '"'", '"long'": null, '"scope'": null, '"b2s_id'": '"'", '"prefix'": '"'", '"reason'": null, '"region'": '"'", '"status'": null, '"vendor'": '"'", '"900_trx'": null, '"mmcells'": null, '"site_to'": null, '"1800_trx'": null, '"2g_cells'": null, '"4g_cells'": null, '"archived'": false, '"bsc_code'": '"'", '"comments'": null, '"omo_name'": '"'", '"physical'": '"'", '"usf_site'": '"'", '"site_code'": '"88899906'", '"site_from'": null, '"site_type'": '"'", '"total_trx'": null, '"bp_remarks'": null, '"pta_tehsil'": '"'", '"4g_capacity'": '"'", '"l2100_cells'": null, '"l900a_cells'": null, '"pta_remarks'": null, '"site_status'": '"'", '"franchise_id'": null, '"l1800a_cells'": null, '"l1800b_cells'": null, '"pta_district'": '"'", '"pta_province'": '"'", '"2g_locked_tag'": null, '"4g_locked_tag'": null, '"archived_type'": null, '"coverage_type'": '"'", '"locked_status'": null, '"technical_city'": '"'", '"commercial_city'": '"'", '"part_of_dec_cfo'": '"'", '"city_prefix_based'": '"'", '"commercial_region'": '"'", '"total_l18_ab_cells'": null, '"commercial_district'": '"'", '"commercial_subregion'": '"'", '"onfp_planning_remarks'": null, '"sharing_type_hostguest'": '"'"}, {'"2g'": '"'", '"4g'": '"'", '"id'": 21, '"bsc'": '"'", '"lat'": null, '"mbu'": '"'", '"long'": null, '"scope'": null, '"b2s_id'": '"'", '"prefix'": '"'", '"reason'": null, '"region'": '"'", '"status'": null, '"vendor'": '"'", '"900_trx'": null, '"mmcells'": null, '"site_to'": null, '"1800_trx'": null, '"2g_cells'": null, '"4g_cells'": null, '"archived'": false, '"bsc_code'": '"'", '"comments'": null, '"omo_name'": '"'", '"physical'": '"'", '"usf_site'": '"'", '"site_code'": '"Star8881212'", '"site_from'": null, '"site_type'": '"'", '"total_trx'": null, '"bp_remarks'": null, '"pta_tehsil'": '"'", '"4g_capacity'": '"'", '"l2100_cells'": null, '"l900a_cells'": null, '"pta_remarks'": null, '"site_status'": '"'", '"franchise_id'": null, '"l1800a_cells'": null, '"l1800b_cells'": null, '"pta_district'": '"'", '"pta_province'": '"'", '"2g_locked_tag'": null, '"4g_locked_tag'": null, '"archived_type'": null, '"coverage_type'": '"'", '"locked_status'": null, '"technical_city'": '"'", '"commercial_city'": '"'", '"part_of_dec_cfo'": '"'", '"city_prefix_based'": '"'", '"commercial_region'": '"'", '"total_l18_ab_cells'": null, '"commercial_district'": '"'", '"commercial_subregion'": '"'", '"onfp_planning_remarks'": null, '"sharing_type_hostguest'": '"'"}, {'"2g'": '"'", '"4g'": '"'", '"id'": 10, '"bsc'": '"'", '"lat'": null, '"mbu'": '"'", '"long'": null, '"scope'": null, '"b2s_id'": '"'", '"prefix'": '"'", '"reason'": null, '"region'": '"'", '"status'": null, '"vendor'": '"'", '"900_trx'": null, '"mmcells'": null, '"site_to'": null, '"1800_trx'": null, '"2g_cells'": null, '"4g_cells'": null, '"archived'": false, '"bsc_code'": '"'", '"comments'": null, '"omo_name'": '"'", '"physical'": '"'", '"usf_site'": '"'", '"site_code'": '"S1233h'", '"site_from'": null, '"site_type'": '"'", '"total_trx'": null, '"bp_remarks'": null, '"pta_tehsil'": '"'", '"4g_capacity'": '"'", '"l2100_cells'": null, '"l900a_cells'": null, '"pta_remarks'": null, '"site_status'": '"'", '"franchise_id'": null, '"l1800a_cells'": null, '"l1800b_cells'": null, '"pta_district'": '"'", '"pta_province'": '"'", '"2g_locked_tag'": null, '"4g_locked_tag'": null, '"archived_type'": null, '"coverage_type'": '"'", '"locked_status'": null, '"technical_city'": '"'", '"commercial_city'": '"'", '"part_of_dec_cfo'": '"'", '"city_prefix_based'": '"'", '"commercial_region'": '"'", '"total_l18_ab_cells'": null, '"commercial_district'": '"'", '"commercial_subregion'": '"'", '"onfp_planning_remarks'": null, '"sharing_type_hostguest'": '"'"}, {'"2g'": '"'", '"4g'": '"'", '"id'": 15, '"bsc'": '"'", '"lat'": null, '"mbu'": '"'", '"long'": null, '"scope'": null, '"b2s_id'": '"'", '"prefix'": '"'", '"reason'": null, '"region'": '"'", '"status'": null, '"vendor'": '"'", '"900_trx'": null, '"mmcells'": null, '"site_to'": null, '"1800_trx'": null, '"2g_cells'": null, '"4g_cells'": null, '"archived'": false, '"bsc_code'": '"'", '"comments'": null, '"omo_name'": '"'", '"physical'": '"'", '"usf_site'": '"'", '"site_code'": '"S7845'", '"site_from'": null, '"site_type'": '"'", '"total_trx'": null, '"bp_remarks'": null, '"pta_tehsil'": '"'", '"4g_capacity'": '"'", '"l2100_cells'": null, '"l900a_cells'": null, '"pta_remarks'": null, '"site_status'": '"'", '"franchise_id'": null, '"l1800a_cells'": null, '"l1800b_cells'": null, '"pta_district'": '"'", '"pta_province'": '"'", '"2g_locked_tag'": null, '"4g_locked_tag'": null, '"archived_type'": null, '"coverage_type'": '"'", '"locked_status'": null, '"technical_city'": '"'", '"commercial_city'": '"'", '"part_of_dec_cfo'": '"'", '"city_prefix_based'": '"'", '"commercial_region'": '"'", '"total_l18_ab_cells'": null, '"commercial_district'": '"'", '"commercial_subregion'": '"'", '"onfp_planning_remarks'": null, '"sharing_type_hostguest'": '"'"}, {'"2g'": '"2G'", '"4g'": '"4G'", '"id'": 8, '"bsc'": '"ISB006H'", '"lat'": '"34.831100'", '"mbu'": '"N3-GLT-04'", '"long'": '"73.055900'", '"scope'": '"asdas'", '"b2s_id'": '"asdasd'", '"prefix'": '"AAL'", '"reason'": null, '"region'": '"North'", '"status'": null, '"vendor'": '"Huawei'", '"900_trx'": 7, '"mmcells'": '"No 4G'", '"site_to'": null, '"1800_trx'": 1, '"2g_cells'": 3, '"4g_cells'": '"No 4G'", '"archived'": false, '"bsc_code'": '"ISB006H__I10_ISB_6'", '"comments'": null, '"omo_name'": '"dasda'", '"physical'": '"4G'", '"usf_site'": '"No'", '"site_code'": '"AAL22521'", '"site_from'": null, '"site_type'": '"Own Built'", '"total_trx'": 7, '"bp_remarks'": null, '"pta_tehsil'": '"ALLAI TEHSIL'", '"4g_capacity'": '"No 4G'", '"l2100_cells'": '"No 4G'", '"l900a_cells'": '"No 4G'", '"pta_remarks'": '"asdas'", '"site_status'": '"Active'", '"franchise_id'": 7271, '"l1800a_cells'": '"No 4G'", '"l1800b_cells'": '"No 4G'", '"pta_district'": '"BATAGRAM'", '"pta_province'": '"KHYBER PAKHTUNKHWA'", '"2g_locked_tag'": '"asdas'", '"4g_locked_tag'": '"asdas'", '"archived_type'": null, '"coverage_type'": '"Macro'", '"locked_status'": null, '"technical_city'": '"Alai'", '"commercial_city'": '"Battagram_Rural'", '"part_of_dec_cfo'": '"Yes'", '"city_prefix_based'": '"Alai'", '"commercial_region'": '"North'", '"total_l18_ab_cells'": '"No 4G'", '"commercial_district'": '"Batagram'", '"commercial_subregion'": '"North 3'", '"onfp_planning_remarks'": null, '"sharing_type_hostguest'": '"asdas'"}, {'"2g'": '"2G'", '"4g'": '"4G'", '"id'": 14, '"bsc'": '"RYK317Z'", '"lat'": '"28.737605'", '"mbu'": '"C7-KNP-06'", '"long'": '"70.956105'", '"scope'": '"sadas'", '"b2s_id'": '"ES2-LQP-01977'", '"prefix'": '"ABB'", '"reason'": null, '"region'": '"Central B'", '"status'": null, '"vendor'": '"ZTE'", '"900_trx'": 14, '"mmcells'": null, '"site_to'": null, '"1800_trx'": 2, '"2g_cells'": 3, '"4g_cells'": '"3'", '"archived'": false, '"bsc_code'": '"RYK317Z_MGW_2'", '"comments'": null, '"omo_name'": '"Enfrashare'", '"physical'": '"2G+4G'", '"usf_site'": '"No'", '"site_code'": '"BBB38323214'", '"site_from'": null, '"site_type'": '"Tower co B2S'", '"total_trx'": 16, '"bp_remarks'": null, '"pta_tehsil'": '"LIAQUATPUR TEHSIL'", '"4g_capacity'": '"2T2R'", '"l2100_cells'": '"0'", '"l900a_cells'": '"0'", '"pta_remarks'": '"sa'", '"site_status'": '"Active'", '"franchise_id'": 7639, '"l1800a_cells'": '"3'", '"l1800b_cells'": '"0'", '"pta_district'": '"RAHIM YAR KHAN'", '"pta_province'": '"PUNJAB'", '"2g_locked_tag'": '"das'", '"4g_locked_tag'": '"sad'", '"archived_type'": null, '"coverage_type'": '"Macro'", '"locked_status'": null, '"technical_city'": '"Rural'", '"commercial_city'": '"Liaqatpur_Rural'", '"part_of_dec_cfo'": '"Yes'", '"city_prefix_based'": '"Abbasia'", '"commercial_region'": '"Central B'", '"total_l18_ab_cells'": '"3'", '"commercial_district'": '"Rahim Yar Khan'", '"commercial_subregion'": '"Central 7'", '"onfp_planning_remarks'": null, '"sharing_type_hostguest'": '"Guest'"}, {'"2g'": '"'", '"4g'": '"'", '"id'": 20, '"bsc'": '"'", '"lat'": null, '"mbu'": '"'", '"long'": null, '"scope'": null, '"b2s_id'": '"'", '"prefix'": '"'", '"reason'": null, '"region'": '"'", '"status'": null, '"vendor'": '"'", '"900_trx'": null, '"mmcells'": null, '"site_to'": null, '"1800_trx'": null, '"2g_cells'": null, '"4g_cells'": null, '"archived'": false, '"bsc_code'": '"'", '"comments'": null, '"omo_name'": '"'", '"physical'": '"'", '"usf_site'": '"'", '"site_code'": '"8881212'", '"site_from'": null, '"site_type'": '"'", '"total_trx'": null, '"bp_remarks'": null, '"pta_tehsil'": '"'", '"4g_capacity'": '"'", '"l2100_cells'": null, '"l900a_cells'": null, '"pta_remarks'": null, '"site_status'": '"'", '"franchise_id'": null, '"l1800a_cells'": null, '"l1800b_cells'": null, '"pta_district'": '"'", '"pta_province'": '"'", '"2g_locked_tag'": null, '"4g_locked_tag'": null, '"archived_type'": null, '"coverage_type'": '"'", '"locked_status'": null, '"technical_city'": '"'", '"commercial_city'": '"'", '"part_of_dec_cfo'": '"'", '"city_prefix_based'": '"'", '"commercial_region'": '"'", '"total_l18_ab_cells'": null, '"commercial_district'": '"'", '"commercial_subregion'": '"'", '"onfp_planning_remarks'": null, '"sharing_type_hostguest'": '"'"}], '"updatedSites'": []}"
78,Super Admin,admin@oko.com,12312312,Edited,"{'"updatedSites'": [{'"2g'": '"'", '"4g'": '"'", '"bsc'": '"'", '"lat'": null, '"mbu'": '"'", '"long'": null, '"scope'": null, '"b2s_id'": '"'", '"prefix'": '"'", '"region'": '"'", '"vendor'": '"'", '"900_trx'": null, '"mmcells'": null, '"1800_trx'": null, '"2g_cells'": null, '"4g_cells'": null, '"bsc_code'": '"'", '"omo_name'": '"'", '"physical'": '"'", '"usf_site'": '"'", '"site_code'": '"123425'", '"site_type'": '"'", '"total_trx'": null, '"pta_tehsil'": '"'", '"4g_capacity'": '"'", '"l2100_cells'": null, '"l900a_cells'": null, '"pta_remarks'": null, '"site_status'": '"'", '"franchise_id'": null, '"l1800a_cells'": null, '"l1800b_cells'": null, '"pta_district'": '"'", '"pta_province'": '"'", '"2g_locked_tag'": null, '"4g_locked_tag'": null, '"coverage_type'": '"'", '"technical_city'": '"'", '"commercial_city'": '"'", '"part_of_dec_cfo'": '"'", '"city_prefix_based'": '"'", '"commercial_region'": '"'", '"total_l18_ab_cells'": null, '"commercial_district'": '"'", '"commercial_subregion'": '"'", '"sharing_type_hostguest'": '"'"}]}"
79,Super Admin,admin@oko.com,12312312,Edited,"{'"updatedSites'": [{'"2g'": '"'", '"4g'": '"'", '"bsc'": '"'", '"lat'": null, '"mbu'": '"'", '"long'": null, '"scope'": null, '"b2s_id'": '"'", '"prefix'": '"'", '"region'": '"'", '"vendor'": '"'", '"900_trx'": null, '"mmcells'": null, '"1800_trx'": null, '"2g_cells'": null, '"4g_cells'": null, '"bsc_code'": '"'", '"omo_name'": '"'", '"physical'": '"'", '"usf_site'": '"'", '"site_code'": '"5800K'", '"site_type'": '"'", '"total_trx'": null, '"pta_tehsil'": '"'", '"4g_capacity'": '"'", '"l2100_cells'": null, '"l900a_cells'": null, '"pta_remarks'": null, '"site_status'": '"'", '"franchise_id'": null, '"l1800a_cells'": null, '"l1800b_cells'": null, '"pta_district'": '"'", '"pta_province'": '"'", '"2g_locked_tag'": null, '"4g_locked_tag'": null, '"coverage_type'": '"'", '"technical_city'": '"'", '"commercial_city'": '"'", '"part_of_dec_cfo'": '"'", '"city_prefix_based'": '"'", '"commercial_region'": '"'", '"total_l18_ab_cells'": null, '"commercial_district'": '"'", '"commercial_subregion'": '"'", '"sharing_type_hostguest'": '"'"}]}"
80,Super Admin,admin@oko.com,12312312,Edited,"{'"updatedSites'": [{'"2g'": '"'", '"4g'": '"'", '"id'": 18, '"bsc'": '"'", '"lat'": null, '"mbu'": '"'", '"long'": null, '"scope'": null, '"b2s_id'": '"'", '"prefix'": '"'", '"reason'": null, '"region'": '"'", '"status'": '"On Air'", '"vendor'": '"'", '"900_trx'": null, '"mmcells'": null, '"site_to'": null, '"1800_trx'": null, '"2g_cells'": null, '"4g_cells'": null, '"archived'": false, '"bsc_code'": '"'", '"comments'": '"lkmk'", '"omo_name'": '"'", '"physical'": '"'", '"usf_site'": '"'", '"site_code'": '"090078'", '"site_from'": null, '"site_type'": '"'", '"total_trx'": null, '"bp_remarks'": '"lkm'", '"pta_tehsil'": '"'", '"4g_capacity'": '"'", '"l2100_cells'": null, '"l900a_cells'": null, '"pta_remarks'": null, '"site_status'": '"'", '"franchise_id'": null, '"l1800a_cells'": null, '"l1800b_cells'": null, '"pta_district'": '"'", '"pta_province'": '"'", '"2g_locked_tag'": null, '"4g_locked_tag'": null, '"archived_type'": null, '"coverage_type'": '"'", '"locked_status'": null, '"technical_city'": '"'", '"commercial_city'": '"'", '"part_of_dec_cfo'": '"'", '"city_prefix_based'": '"'", '"commercial_region'": '"'", '"total_l18_ab_cells'": null, '"commercial_district'": '"'", '"commercial_subregion'": '"'", '"onfp_planning_remarks'": '"dsk'", '"sharing_type_hostguest'": '"'"}]}"
81,Super Admin,admin@oko.com,12312312,Edited,"{'"updatedSites'": [{'"2g'": '"'", '"4g'": '"'", '"id'": 19, '"bsc'": '"'", '"lat'": null, '"mbu'": '"'", '"long'": null, '"scope'": null, '"b2s_id'": '"'", '"prefix'": '"'", '"reason'": null, '"region'": '"'", '"status'": '"Planned'", '"vendor'": '"'", '"900_trx'": null, '"mmcells'": null, '"site_to'": null, '"1800_trx'": null, '"2g_cells'": null, '"4g_cells'": null, '"archived'": false, '"bsc_code'": '"'", '"comments'": null, '"omo_name'": '"'", '"physical'": '"'", '"usf_site'": '"'", '"site_code'": '"88899906'", '"site_from'": null, '"site_type'": '"'", '"total_trx'": null, '"bp_remarks'": null, '"pta_tehsil'": '"'", '"4g_capacity'": '"'", '"l2100_cells'": null, '"l900a_cells'": null, '"pta_remarks'": null, '"site_status'": '"'", '"franchise_id'": null, '"l1800a_cells'": null, '"l1800b_cells'": null, '"pta_district'": '"'", '"pta_province'": '"'", '"2g_locked_tag'": null, '"4g_locked_tag'": null, '"archived_type'": null, '"coverage_type'": '"'", '"locked_status'": null, '"technical_city'": '"'", '"commercial_city'": '"'", '"part_of_dec_cfo'": '"'", '"city_prefix_based'": '"'", '"commercial_region'": '"'", '"total_l18_ab_cells'": null, '"commercial_district'": '"'", '"commercial_subregion'": '"'", '"onfp_planning_remarks'": null, '"sharing_type_hostguest'": '"'"}]}"
82,Super Admin,admin@oko.com,12312312,Edited,"{'"updatedSites'": [{'"2g'": '"'", '"4g'": '"'", '"id'": 21, '"bsc'": '"'", '"lat'": null, '"mbu'": '"'", '"long'": null, '"scope'": null, '"b2s_id'": '"'", '"prefix'": '"'", '"reason'": null, '"region'": '"'", '"status'": '"In Progress'", '"vendor'": '"'", '"900_trx'": null, '"mmcells'": null, '"site_to'": null, '"1800_trx'": null, '"2g_cells'": null, '"4g_cells'": null, '"archived'": false, '"bsc_code'": '"'", '"comments'": null, '"omo_name'": '"'", '"physical'": '"'", '"usf_site'": '"'", '"site_code'": '"Star8881212'", '"site_from'": null, '"site_type'": '"'", '"total_trx'": null, '"bp_remarks'": null, '"pta_tehsil'": '"'", '"4g_capacity'": '"'", '"l2100_cells'": null, '"l900a_cells'": null, '"pta_remarks'": null, '"site_status'": '"'", '"franchise_id'": null, '"l1800a_cells'": null, '"l1800b_cells'": null, '"pta_district'": '"'", '"pta_province'": '"'", '"2g_locked_tag'": null, '"4g_locked_tag'": null, '"archived_type'": null, '"coverage_type'": '"'", '"locked_status'": null, '"technical_city'": '"'", '"commercial_city'": '"'", '"part_of_dec_cfo'": '"'", '"city_prefix_based'": '"'", '"commercial_region'": '"'", '"total_l18_ab_cells'": null, '"commercial_district'": '"'", '"commercial_subregion'": '"'", '"onfp_planning_remarks'": null, '"sharing_type_hostguest'": '"'"}]}"
83,Super Admin,admin@oko.com,12312312,Inserted,"{'"newSites'": [{'"2g'": '"'", '"4g'": '"'", '"bsc'": '"'", '"lat'": null, '"mbu'": '"'", '"long'": null, '"scope'": null, '"b2s_id'": '"'", '"prefix'": '"'", '"region'": '"'", '"vendor'": '"'", '"900_trx'": null, '"mmcells'": null, '"1800_trx'": null, '"2g_cells'": null, '"4g_cells'": null, '"bsc_code'": '"'", '"omo_name'": '"'", '"physical'": '"'", '"usf_site'": '"'", '"site_code'": '"3244'", '"site_type'": '"'", '"total_trx'": null, '"pta_tehsil'": '"'", '"4g_capacity'": '"'", '"l2100_cells'": null, '"l900a_cells'": null, '"pta_remarks'": null, '"site_status'": '"'", '"franchise_id'": null, '"l1800a_cells'": null, '"l1800b_cells'": null, '"pta_district'": '"'", '"pta_province'": '"'", '"2g_locked_tag'": null, '"4g_locked_tag'": null, '"coverage_type'": '"'", '"technical_city'": '"'", '"commercial_city'": '"'", '"part_of_dec_cfo'": '"'", '"city_prefix_based'": '"'", '"commercial_region'": '"'", '"total_l18_ab_cells'": null, '"commercial_district'": '"'", '"commercial_subregion'": '"'", '"sharing_type_hostguest'": '"'"}]}"
84,Super Admin,admin@oko.com,12312312,Inserted,"{'"newSites'": [{'"2g'": '"'", '"4g'": '"'", '"bsc'": '"'", '"lat'": null, '"mbu'": '"'", '"long'": null, '"scope'": null, '"b2s_id'": '"'", '"prefix'": '"'", '"region'": '"'", '"vendor'": '"'", '"900_trx'": null, '"mmcells'": null, '"1800_trx'": null, '"2g_cells'": null, '"4g_cells'": null, '"bsc_code'": '"'", '"omo_name'": '"'", '"physical'": '"'", '"usf_site'": '"'", '"site_code'": '"77882'", '"site_type'": '"'", '"total_trx'": null, '"pta_tehsil'": '"'", '"4g_capacity'": '"'", '"l2100_cells'": null, '"l900a_cells'": null, '"pta_remarks'": null, '"site_status'": '"'", '"franchise_id'": null, '"l1800a_cells'": null, '"l1800b_cells'": null, '"pta_district'": '"'", '"pta_province'": '"'", '"2g_locked_tag'": null, '"4g_locked_tag'": null, '"coverage_type'": '"'", '"technical_city'": '"'", '"commercial_city'": '"'", '"part_of_dec_cfo'": '"'", '"city_prefix_based'": '"'", '"commercial_region'": '"'", '"total_l18_ab_cells'": null, '"commercial_district'": '"'", '"commercial_subregion'": '"'", '"sharing_type_hostguest'": '"'"}]}"
85,Super Admin,admin@oko.com,12312312,Inserted,"{'"newSites'": [{'"2g'": '"'", '"4g'": '"'", '"bsc'": '"'", '"lat'": null, '"mbu'": '"'", '"long'": null, '"scope'": null, '"b2s_id'": '"'", '"prefix'": '"'", '"region'": '"'", '"vendor'": '"'", '"900_trx'": null, '"mmcells'": null, '"1800_trx'": '"8888'", '"2g_cells'": null, '"4g_cells'": null, '"bsc_code'": '"'", '"omo_name'": '"'", '"physical'": '"'", '"usf_site'": '"'", '"site_code'": '"111222'", '"site_type'": '"'", '"total_trx'": null, '"pta_tehsil'": '"'", '"4g_capacity'": '"'", '"l2100_cells'": null, '"l900a_cells'": null, '"pta_remarks'": null, '"site_status'": '"'", '"franchise_id'": null, '"l1800a_cells'": null, '"l1800b_cells'": null, '"pta_district'": '"'", '"pta_province'": '"'", '"2g_locked_tag'": null, '"4g_locked_tag'": null, '"coverage_type'": '"'", '"technical_city'": '"'", '"commercial_city'": '"'", '"part_of_dec_cfo'": '"'", '"city_prefix_based'": '"'", '"commercial_region'": '"'", '"total_l18_ab_cells'": null, '"commercial_district'": '"'", '"commercial_subregion'": '"'", '"sharing_type_hostguest'": '"'"}]}"
86,Super Admin,admin@oko.com,12312312,Edited,"{'"updatedSites'": [{'"2g'": '"'", '"4g'": '"'", '"id'": 10, '"bsc'": '"'", '"lat'": null, '"mbu'": '"'", '"long'": null, '"scope'": null, '"b2s_id'": '"'", '"prefix'": '"'", '"reason'": null, '"region'": '"'", '"status'": '"Planned'", '"vendor'": '"'", '"900_trx'": null, '"mmcells'": null, '"site_to'": null, '"1800_trx'": null, '"2g_cells'": null, '"4g_cells'": null, '"archived'": false, '"bsc_code'": '"'", '"comments'": null, '"omo_name'": '"'", '"physical'": '"'", '"usf_site'": '"'", '"site_code'": '"S1233h'", '"site_from'": null, '"site_type'": '"'", '"total_trx'": null, '"bp_remarks'": null, '"pta_tehsil'": '"'", '"4g_capacity'": '"'", '"l2100_cells'": null, '"l900a_cells'": null, '"pta_remarks'": null, '"site_status'": '"'", '"franchise_id'": null, '"l1800a_cells'": null, '"l1800b_cells'": null, '"pta_district'": '"'", '"pta_province'": '"'", '"2g_locked_tag'": null, '"4g_locked_tag'": null, '"archived_type'": null, '"coverage_type'": '"'", '"locked_status'": null, '"technical_city'": '"'", '"commercial_city'": '"'", '"part_of_dec_cfo'": '"'", '"city_prefix_based'": '"'", '"commercial_region'": '"'", '"total_l18_ab_cells'": null, '"commercial_district'": '"'", '"commercial_subregion'": '"'", '"onfp_planning_remarks'": null, '"sharing_type_hostguest'": '"'"}]}"
87,Super Admin,admin@oko.com,12312312,Edited,"{'"updatedSites'": [{'"2g'": '"'", '"4g'": '"'", '"id'": 15, '"bsc'": '"'", '"lat'": null, '"mbu'": '"'", '"long'": null, '"scope'": null, '"b2s_id'": '"'", '"prefix'": '"'", '"reason'": null, '"region'": '"'", '"status'": '"In Progress'", '"vendor'": '"'", '"900_trx'": null, '"mmcells'": null, '"site_to'": null, '"1800_trx'": null, '"2g_cells'": null, '"4g_cells'": null, '"archived'": false, '"bsc_code'": '"'", '"comments'": null, '"omo_name'": '"'", '"physical'": '"'", '"usf_site'": '"'", '"site_code'": '"S7845'", '"site_from'": null, '"site_type'": '"'", '"total_trx'": null, '"bp_remarks'": null, '"pta_tehsil'": '"'", '"4g_capacity'": '"'", '"l2100_cells'": null, '"l900a_cells'": null, '"pta_remarks'": null, '"site_status'": '"'", '"franchise_id'": null, '"l1800a_cells'": null, '"l1800b_cells'": null, '"pta_district'": '"'", '"pta_province'": '"'", '"2g_locked_tag'": null, '"4g_locked_tag'": null, '"archived_type'": null, '"coverage_type'": '"'", '"locked_status'": null, '"technical_city'": '"'", '"commercial_city'": '"'", '"part_of_dec_cfo'": '"'", '"city_prefix_based'": '"'", '"commercial_region'": '"'", '"total_l18_ab_cells'": null, '"commercial_district'": '"'", '"commercial_subregion'": '"'", '"onfp_planning_remarks'": null, '"sharing_type_hostguest'": '"'"}]}"
88,Super Admin,admin@oko.com,12312312,Edited,"{'"updatedSites'": [{'"2g'": '"'", '"4g'": '"'", '"id'": 20, '"bsc'": '"'", '"lat'": null, '"mbu'": '"'", '"long'": null, '"scope'": null, '"b2s_id'": '"'", '"prefix'": '"'", '"reason'": null, '"region'": '"'", '"status'": '"In Progress'", '"vendor'": '"'", '"900_trx'": null, '"mmcells'": null, '"site_to'": null, '"1800_trx'": null, '"2g_cells'": null, '"4g_cells'": null, '"archived'": false, '"bsc_code'": '"'", '"comments'": null, '"omo_name'": '"'", '"physical'": '"'", '"usf_site'": '"'", '"site_code'": '"8881212'", '"site_from'": null, '"site_type'": '"'", '"total_trx'": null, '"bp_remarks'": null, '"pta_tehsil'": '"'", '"4g_capacity'": '"'", '"l2100_cells'": null, '"l900a_cells'": null, '"pta_remarks'": null, '"site_status'": '"'", '"franchise_id'": null, '"l1800a_cells'": null, '"l1800b_cells'": null, '"pta_district'": '"'", '"pta_province'": '"'", '"2g_locked_tag'": null, '"4g_locked_tag'": null, '"archived_type'": null, '"coverage_type'": '"'", '"locked_status'": null, '"technical_city'": '"'", '"commercial_city'": '"'", '"part_of_dec_cfo'": '"'", '"city_prefix_based'": '"'", '"commercial_region'": '"'", '"total_l18_ab_cells'": null, '"commercial_district'": '"'", '"commercial_subregion'": '"'", '"onfp_planning_remarks'": null, '"sharing_type_hostguest'": '"'"}]}"
89,Super Admin,admin@oko.com,12312312,Edited,"{'"updatedSites'": [{'"2g'": '"2G'", '"4g'": '"4G'", '"id'": 11, '"bsc'": '"ISB006H'", '"lat'": '"34.831100'", '"mbu'": '"N3-GLT-04'", '"long'": '"73.055900'", '"scope'": '"asdas'", '"b2s_id'": '"asdasd'", '"prefix'": '"AAL'", '"reason'": null, '"region'": '"North'", '"status'": '"On Air'", '"vendor'": '"Huawei'", '"900_trx'": 7, '"mmcells'": '"No 4G'", '"site_to'": null, '"1800_trx'": 1, '"2g_cells'": 3, '"4g_cells'": '"No 4G'", '"archived'": false, '"bsc_code'": '"ISB006H__I10_ISB_6'", '"comments'": null, '"omo_name'": '"dasda'", '"physical'": '"4G'", '"usf_site'": '"No'", '"site_code'": '"AAL22521'", '"site_from'": null, '"site_type'": '"Own Built'", '"total_trx'": 7, '"bp_remarks'": null, '"pta_tehsil'": '"ALLAI TEHSIL'", '"4g_capacity'": '"No 4G'", '"l2100_cells'": '"No 4G'", '"l900a_cells'": '"No 4G'", '"pta_remarks'": '"asdas'", '"site_status'": '"Active'", '"franchise_id'": 7271, '"l1800a_cells'": '"No 4G'", '"l1800b_cells'": '"No 4G'", '"pta_district'": '"BATAGRAM'", '"pta_province'": '"KHYBER PAKHTUNKHWA'", '"2g_locked_tag'": '"asdas'", '"4g_locked_tag'": '"asdas'", '"archived_type'": null, '"coverage_type'": '"Macro'", '"locked_status'": null, '"technical_city'": '"Alai'", '"commercial_city'": '"Battagram_Rural'", '"part_of_dec_cfo'": '"Yes'", '"city_prefix_based'": '"Alai'", '"commercial_region'": '"North'", '"total_l18_ab_cells'": '"No 4G'", '"commercial_district'": '"Batagram'", '"commercial_subregion'": '"North 3'", '"onfp_planning_remarks'": null, '"sharing_type_hostguest'": '"asdas'"}]}"
90,Super Admin,admin@oko.com,12312312,Edited,"{'"updatedSites'": [{'"2g'": '"2G'", '"4g'": '"4G'", '"bsc'": '"RYK317Z'", '"lat'": '"28.737605'", '"mbu'": '"C7-KNP-06'", '"long'": '"70.956105'", '"scope'": '"sadas'", '"b2s_id'": '"ES2-LQP-01977'", '"prefix'": '"ABB'", '"region'": '"Central B'", '"vendor'": '"ZTE'", '"900_trx'": 14, '"mmcells'": null, '"1800_trx'": 2, '"2g_cells'": 3, '"4g_cells'": '"3'", '"bsc_code'": '"RYK317Z_MGW_2'", '"omo_name'": '"Enfrashare'", '"physical'": '"2G+4G'", '"usf_site'": '"No'", '"site_code'": '"BBB38323214'", '"site_type'": '"Tower co B2S'", '"total_trx'": 16, '"pta_tehsil'": '"LIAQUATPUR TEHSIL'", '"4g_capacity'": '"2T2R'", '"l2100_cells'": '"0'", '"l900a_cells'": '"0'", '"pta_remarks'": '"sa'", '"site_status'": '"Active'", '"franchise_id'": 7639, '"l1800a_cells'": '"3'", '"l1800b_cells'": '"0'", '"pta_district'": '"RAHIM YAR KHAN'", '"pta_province'": '"PUNJAB'", '"2g_locked_tag'": '"das'", '"4g_locked_tag'": '"sad'", '"coverage_type'": '"Macro'", '"technical_city'": '"Rural'", '"commercial_city'": '"Liaqatpur_Rural'", '"part_of_dec_cfo'": '"Yes'", '"city_prefix_based'": '"Abbasia'", '"commercial_region'": '"Central B'", '"total_l18_ab_cells'": '"3'", '"commercial_district'": '"Rahim Yar Khan'", '"commercial_subregion'": '"Central 7'", '"sharing_type_hostguest'": '"Guest'"}]}"
91,Super Admin,admin@oko.com,12312312,Inserted: 0 | Updated: 0 | Deleted: 0 | Total Records: 0,"{'"newSite'": [], '"deletedSite'": [], '"updatedSites'": []}"
92,Super Admin,admin@oko.com,12312312,Inserted: 0 | Updated: 0 | Deleted: 0 | Total Records: 0,"{'"newSite'": [], '"deletedSite'": [{'"2g'": '"2G'", '"4g'": '"4G'", '"id'": 9, '"bsc'": '"RYK317Z'", '"lat'": '"28.737605'", '"mbu'": '"C7-KNP-06'", '"long'": '"70.956105'", '"scope'": '"sadas'", '"b2s_id'": '"ES2-LQP-01977'", '"prefix'": '"ABB'", '"reason'": null, '"region'": '"Central B'", '"status'": null, '"vendor'": '"ZTE'", '"900_trx'": 14, '"mmcells'": null, '"site_to'": null, '"1800_trx'": 2, '"2g_cells'": 3, '"4g_cells'": '"3'", '"archived'": false, '"bsc_code'": '"RYK317Z_MGW_2'", '"comments'": null, '"omo_name'": '"Enfrashare'", '"physical'": '"2G+4G'", '"usf_site'": '"No'", '"site_code'": '"BBB38323214'", '"site_from'": null, '"site_type'": '"Tower co B2S'", '"total_trx'": 16, '"bp_remarks'": null, '"pta_tehsil'": '"LIAQUATPUR TEHSIL'", '"4g_capacity'": '"2T2R'", '"l2100_cells'": '"0'", '"l900a_cells'": '"0'", '"pta_remarks'": '"sa'", '"site_status'": '"Active'", '"franchise_id'": 7639, '"l1800a_cells'": '"3'", '"l1800b_cells'": '"0'", '"pta_district'": '"RAHIM YAR KHAN'", '"pta_province'": '"PUNJAB'", '"2g_locked_tag'": '"das'", '"4g_locked_tag'": '"sad'", '"archived_type'": null, '"coverage_type'": '"Macro'", '"locked_status'": null, '"technical_city'": '"Rural'", '"commercial_city'": '"Liaqatpur_Rural'", '"part_of_dec_cfo'": '"Yes'", '"city_prefix_based'": '"Abbasia'", '"commercial_region'": '"Central B'", '"total_l18_ab_cells'": '"3'", '"commercial_district'": '"Rahim Yar Khan'", '"commercial_subregion'": '"Central 7'", '"onfp_planning_remarks'": null, '"sharing_type_hostguest'": '"Guest'"}, {'"2g'": '"2G'", '"4g'": '"4G'", '"id'": 8, '"bsc'": '"ISB006H'", '"lat'": '"34.831100'", '"mbu'": '"N3-GLT-04'", '"long'": '"73.055900'", '"scope'": '"asdas'", '"b2s_id'": '"asdasd'", '"prefix'": '"AAL'", '"reason'": null, '"region'": '"North'", '"status'": null, '"vendor'": '"Huawei'", '"900_trx'": 7, '"mmcells'": '"No 4G'", '"site_to'": null, '"1800_trx'": 1, '"2g_cells'": 3, '"4g_cells'": '"No 4G'", '"archived'": false, '"bsc_code'": '"ISB006H__I10_ISB_6'", '"comments'": null, '"omo_name'": '"dasda'", '"physical'": '"4G'", '"usf_site'": '"No'", '"site_code'": '"AAL22521'", '"site_from'": null, '"site_type'": '"Own Built'", '"total_trx'": 7, '"bp_remarks'": null, '"pta_tehsil'": '"ALLAI TEHSIL'", '"4g_capacity'": '"No 4G'", '"l2100_cells'": '"No 4G'", '"l900a_cells'": '"No 4G'", '"pta_remarks'": '"asdas'", '"site_status'": '"Active'", '"franchise_id'": 7271, '"l1800a_cells'": '"No 4G'", '"l1800b_cells'": '"No 4G'", '"pta_district'": '"BATAGRAM'", '"pta_province'": '"KHYBER PAKHTUNKHWA'", '"2g_locked_tag'": '"asdas'", '"4g_locked_tag'": '"asdas'", '"archived_type'": null, '"coverage_type'": '"Macro'", '"locked_status'": null, '"technical_city'": '"Alai'", '"commercial_city'": '"Battagram_Rural'", '"part_of_dec_cfo'": '"Yes'", '"city_prefix_based'": '"Alai'", '"commercial_region'": '"North'", '"total_l18_ab_cells'": '"No 4G'", '"commercial_district'": '"Batagram'", '"commercial_subregion'": '"North 3'", '"onfp_planning_remarks'": null, '"sharing_type_hostguest'": '"asdas'"}, {'"2g'": '"'", '"4g'": '"'", '"id'": 16, '"bsc'": '"'", '"lat'": null, '"mbu'": '"'", '"long'": null, '"scope'": null, '"b2s_id'": '"'", '"prefix'": '"'", '"reason'": null, '"region'": '"'", '"status'": null, '"vendor'": '"'", '"900_trx'": null, '"mmcells'": null, '"site_to'": null, '"1800_trx'": null, '"2g_cells'": null, '"4g_cells'": null, '"archived'": false, '"bsc_code'": '"'", '"comments'": null, '"omo_name'": '"'", '"physical'": '"'", '"usf_site'": '"'", '"site_code'": '"123425'", '"site_from'": null, '"site_type'": '"'", '"total_trx'": null, '"bp_remarks'": null, '"pta_tehsil'": '"'", '"4g_capacity'": '"'", '"l2100_cells'": null, '"l900a_cells'": null, '"pta_remarks'": null, '"site_status'": '"'", '"franchise_id'": null, '"l1800a_cells'": null, '"l1800b_cells'": null, '"pta_district'": '"'", '"pta_province'": '"'", '"2g_locked_tag'": null, '"4g_locked_tag'": null, '"archived_type'": null, '"coverage_type'": '"'", '"locked_status'": null, '"technical_city'": '"'", '"commercial_city'": '"'", '"part_of_dec_cfo'": '"'", '"city_prefix_based'": '"'", '"commercial_region'": '"'", '"total_l18_ab_cells'": null, '"commercial_district'": '"'", '"commercial_subregion'": '"'", '"onfp_planning_remarks'": null, '"sharing_type_hostguest'": '"'"}, {'"2g'": '"'", '"4g'": '"'", '"id'": 17, '"bsc'": '"'", '"lat'": null, '"mbu'": '"'", '"long'": null, '"scope'": null, '"b2s_id'": '"'", '"prefix'": '"'", '"reason'": null, '"region'": '"'", '"status'": null, '"vendor'": '"'", '"900_trx'": null, '"mmcells'": null, '"site_to'": null, '"1800_trx'": null, '"2g_cells'": null, '"4g_cells'": null, '"archived'": false, '"bsc_code'": '"'", '"comments'": null, '"omo_name'": '"'", '"physical'": '"'", '"usf_site'": '"'", '"site_code'": '"5800K'", '"site_from'": null, '"site_type'": '"'", '"total_trx'": null, '"bp_remarks'": null, '"pta_tehsil'": '"'", '"4g_capacity'": '"'", '"l2100_cells'": null, '"l900a_cells'": null, '"pta_remarks'": null, '"site_status'": '"'", '"franchise_id'": null, '"l1800a_cells'": null, '"l1800b_cells'": null, '"pta_district'": '"'", '"pta_province'": '"'", '"2g_locked_tag'": null, '"4g_locked_tag'": null, '"archived_type'": null, '"coverage_type'": '"'", '"locked_status'": null, '"technical_city'": '"'", '"commercial_city'": '"'", '"part_of_dec_cfo'": '"'", '"city_prefix_based'": '"'", '"commercial_region'": '"'", '"total_l18_ab_cells'": null, '"commercial_district'": '"'", '"commercial_subregion'": '"'", '"onfp_planning_remarks'": null, '"sharing_type_hostguest'": '"'"}, {'"2g'": '"'", '"4g'": '"'", '"id'": 18, '"bsc'": '"'", '"lat'": null, '"mbu'": '"'", '"long'": null, '"scope'": null, '"b2s_id'": '"'", '"prefix'": '"'", '"reason'": null, '"region'": '"'", '"status'": '"On Air'", '"vendor'": '"'", '"900_trx'": null, '"mmcells'": null, '"site_to'": null, '"1800_trx'": null, '"2g_cells'": null, '"4g_cells'": null, '"archived'": false, '"bsc_code'": '"'", '"comments'": '"lkmk'", '"omo_name'": '"'", '"physical'": '"'", '"usf_site'": '"'", '"site_code'": '"090078'", '"site_from'": null, '"site_type'": '"'", '"total_trx'": null, '"bp_remarks'": '"lkm'", '"pta_tehsil'": '"'", '"4g_capacity'": '"'", '"l2100_cells'": null, '"l900a_cells'": null, '"pta_remarks'": null, '"site_status'": '"'", '"franchise_id'": null, '"l1800a_cells'": null, '"l1800b_cells'": null, '"pta_district'": '"'", '"pta_province'": '"'", '"2g_locked_tag'": null, '"4g_locked_tag'": null, '"archived_type'": null, '"coverage_type'": '"'", '"locked_status'": null, '"technical_city'": '"'", '"commercial_city'": '"'", '"part_of_dec_cfo'": '"'", '"city_prefix_based'": '"'", '"commercial_region'": '"'", '"total_l18_ab_cells'": null, '"commercial_district'": '"'", '"commercial_subregion'": '"'", '"onfp_planning_remarks'": '"dsk'", '"sharing_type_hostguest'": '"'"}, {'"2g'": '"'", '"4g'": '"'", '"id'": 19, '"bsc'": '"'", '"lat'": null, '"mbu'": '"'", '"long'": null, '"scope'": null, '"b2s_id'": '"'", '"prefix'": '"'", '"reason'": null, '"region'": '"'", '"status'": '"Planned'", '"vendor'": '"'", '"900_trx'": null, '"mmcells'": null, '"site_to'": null, '"1800_trx'": null, '"2g_cells'": null, '"4g_cells'": null, '"archived'": false, '"bsc_code'": '"'", '"comments'": null, '"omo_name'": '"'", '"physical'": '"'", '"usf_site'": '"'", '"site_code'": '"88899906'", '"site_from'": null, '"site_type'": '"'", '"total_trx'": null, '"bp_remarks'": null, '"pta_tehsil'": '"'", '"4g_capacity'": '"'", '"l2100_cells'": null, '"l900a_cells'": null, '"pta_remarks'": null, '"site_status'": '"'", '"franchise_id'": null, '"l1800a_cells'": null, '"l1800b_cells'": null, '"pta_district'": '"'", '"pta_province'": '"'", '"2g_locked_tag'": null, '"4g_locked_tag'": null, '"archived_type'": null, '"coverage_type'": '"'", '"locked_status'": null, '"technical_city'": '"'", '"commercial_city'": '"'", '"part_of_dec_cfo'": '"'", '"city_prefix_based'": '"'", '"commercial_region'": '"'", '"total_l18_ab_cells'": null, '"commercial_district'": '"'", '"commercial_subregion'": '"'", '"onfp_planning_remarks'": null, '"sharing_type_hostguest'": '"'"}, {'"2g'": '"'", '"4g'": '"'", '"id'": 21, '"bsc'": '"'", '"lat'": null, '"mbu'": '"'", '"long'": null, '"scope'": null, '"b2s_id'": '"'", '"prefix'": '"'", '"reason'": null, '"region'": '"'", '"status'": '"In Progress'", '"vendor'": '"'", '"900_trx'": null, '"mmcells'": null, '"site_to'": null, '"1800_trx'": null, '"2g_cells'": null, '"4g_cells'": null, '"archived'": false, '"bsc_code'": '"'", '"comments'": null, '"omo_name'": '"'", '"physical'": '"'", '"usf_site'": '"'", '"site_code'": '"Star8881212'", '"site_from'": null, '"site_type'": '"'", '"total_trx'": null, '"bp_remarks'": null, '"pta_tehsil'": '"'", '"4g_capacity'": '"'", '"l2100_cells'": null, '"l900a_cells'": null, '"pta_remarks'": null, '"site_status'": '"'", '"franchise_id'": null, '"l1800a_cells'": null, '"l1800b_cells'": null, '"pta_district'": '"'", '"pta_province'": '"'", '"2g_locked_tag'": null, '"4g_locked_tag'": null, '"archived_type'": null, '"coverage_type'": '"'", '"locked_status'": null, '"technical_city'": '"'", '"commercial_city'": '"'", '"part_of_dec_cfo'": '"'", '"city_prefix_based'": '"'", '"commercial_region'": '"'", '"total_l18_ab_cells'": null, '"commercial_district'": '"'", '"commercial_subregion'": '"'", '"onfp_planning_remarks'": null, '"sharing_type_hostguest'": '"'"}, {'"2g'": '"'", '"4g'": '"'", '"id'": 10, '"bsc'": '"'", '"lat'": null, '"mbu'": '"'", '"long'": null, '"scope'": null, '"b2s_id'": '"'", '"prefix'": '"'", '"reason'": null, '"region'": '"'", '"status'": '"Planned'", '"vendor'": '"'", '"900_trx'": null, '"mmcells'": null, '"site_to'": null, '"1800_trx'": null, '"2g_cells'": null, '"4g_cells'": null, '"archived'": false, '"bsc_code'": '"'", '"comments'": null, '"omo_name'": '"'", '"physical'": '"'", '"usf_site'": '"'", '"site_code'": '"S1233h'", '"site_from'": null, '"site_type'": '"'", '"total_trx'": null, '"bp_remarks'": null, '"pta_tehsil'": '"'", '"4g_capacity'": '"'", '"l2100_cells'": null, '"l900a_cells'": null, '"pta_remarks'": null, '"site_status'": '"'", '"franchise_id'": null, '"l1800a_cells'": null, '"l1800b_cells'": null, '"pta_district'": '"'", '"pta_province'": '"'", '"2g_locked_tag'": null, '"4g_locked_tag'": null, '"archived_type'": null, '"coverage_type'": '"'", '"locked_status'": null, '"technical_city'": '"'", '"commercial_city'": '"'", '"part_of_dec_cfo'": '"'", '"city_prefix_based'": '"'", '"commercial_region'": '"'", '"total_l18_ab_cells'": null, '"commercial_district'": '"'", '"commercial_subregion'": '"'", '"onfp_planning_remarks'": null, '"sharing_type_hostguest'": '"'"}, {'"2g'": '"'", '"4g'": '"'", '"id'": 15, '"bsc'": '"'", '"lat'": null, '"mbu'": '"'", '"long'": null, '"scope'": null, '"b2s_id'": '"'", '"prefix'": '"'", '"reason'": null, '"region'": '"'", '"status'": '"In Progress'", '"vendor'": '"'", '"900_trx'": null, '"mmcells'": null, '"site_to'": null, '"1800_trx'": null, '"2g_cells'": null, '"4g_cells'": null, '"archived'": false, '"bsc_code'": '"'", '"comments'": null, '"omo_name'": '"'", '"physical'": '"'", '"usf_site'": '"'", '"site_code'": '"S7845'", '"site_from'": null, '"site_type'": '"'", '"total_trx'": null, '"bp_remarks'": null, '"pta_tehsil'": '"'", '"4g_capacity'": '"'", '"l2100_cells'": null, '"l900a_cells'": null, '"pta_remarks'": null, '"site_status'": '"'", '"franchise_id'": null, '"l1800a_cells'": null, '"l1800b_cells'": null, '"pta_district'": '"'", '"pta_province'": '"'", '"2g_locked_tag'": null, '"4g_locked_tag'": null, '"archived_type'": null, '"coverage_type'": '"'", '"locked_status'": null, '"technical_city'": '"'", '"commercial_city'": '"'", '"part_of_dec_cfo'": '"'", '"city_prefix_based'": '"'", '"commercial_region'": '"'", '"total_l18_ab_cells'": null, '"commercial_district'": '"'", '"commercial_subregion'": '"'", '"onfp_planning_remarks'": null, '"sharing_type_hostguest'": '"'"}, {'"2g'": '"'", '"4g'": '"'", '"id'": 20, '"bsc'": '"'", '"lat'": null, '"mbu'": '"'", '"long'": null, '"scope'": null, '"b2s_id'": '"'", '"prefix'": '"'", '"reason'": null, '"region'": '"'", '"status'": '"In Progress'", '"vendor'": '"'", '"900_trx'": null, '"mmcells'": null, '"site_to'": null, '"1800_trx'": null, '"2g_cells'": null, '"4g_cells'": null, '"archived'": false, '"bsc_code'": '"'", '"comments'": null, '"omo_name'": '"'", '"physical'": '"'", '"usf_site'": '"'", '"site_code'": '"8881212'", '"site_from'": null, '"site_type'": '"'", '"total_trx'": null, '"bp_remarks'": null, '"pta_tehsil'": '"'", '"4g_capacity'": '"'", '"l2100_cells'": null, '"l900a_cells'": null, '"pta_remarks'": null, '"site_status'": '"'", '"franchise_id'": null, '"l1800a_cells'": null, '"l1800b_cells'": null, '"pta_district'": '"'", '"pta_province'": '"'", '"2g_locked_tag'": null, '"4g_locked_tag'": null, '"archived_type'": null, '"coverage_type'": '"'", '"locked_status'": null, '"technical_city'": '"'", '"commercial_city'": '"'", '"part_of_dec_cfo'": '"'", '"city_prefix_based'": '"'", '"commercial_region'": '"'", '"total_l18_ab_cells'": null, '"commercial_district'": '"'", '"commercial_subregion'": '"'", '"onfp_planning_remarks'": null, '"sharing_type_hostguest'": '"'"}], '"updatedSites'": []}"
93,Super Admin,admin@oko.com,12312312,Inserted,"{'"newSites'": [{'"2g'": '"'", '"4g'": '"'", '"bsc'": '"'", '"lat'": null, '"mbu'": '"'", '"long'": null, '"scope'": null, '"b2s_id'": '"'", '"prefix'": '"'", '"region'": '"'", '"vendor'": '"'", '"900_trx'": null, '"mmcells'": null, '"1800_trx'": null, '"2g_cells'": null, '"4g_cells'": null, '"bsc_code'": '"'", '"omo_name'": '"'", '"physical'": '"'", '"usf_site'": '"'", '"site_code'": '"667799'", '"site_type'": '"'", '"total_trx'": null, '"pta_tehsil'": '"'", '"4g_capacity'": '"'", '"l2100_cells'": null, '"l900a_cells'": null, '"pta_remarks'": null, '"site_status'": '"'", '"franchise_id'": null, '"l1800a_cells'": null, '"l1800b_cells'": null, '"pta_district'": '"'", '"pta_province'": '"'", '"2g_locked_tag'": null, '"4g_locked_tag'": null, '"coverage_type'": '"'", '"technical_city'": '"'", '"commercial_city'": '"'", '"part_of_dec_cfo'": '"'", '"city_prefix_based'": '"'", '"commercial_region'": '"'", '"total_l18_ab_cells'": null, '"commercial_district'": '"'", '"commercial_subregion'": '"'", '"sharing_type_hostguest'": '"'"}]}"
96,Super Admin,admin@oko.com,12312312,Edited,"{'"updatedSites'": [{'"2g'": '"2G'", '"4g'": '"4G'", '"id'": 14, '"bsc'": '"RYK317Z'", '"lat'": '"28.737605'", '"mbu'": '"C7-KNP-06'", '"long'": '"70.956105'", '"scope'": '"sadas'", '"b2s_id'": '"ES2-LQP-01977'", '"prefix'": '"ABB'", '"reason'": null, '"region'": '"Central B'", '"status'": '"Planned'", '"vendor'": '"ZTE'", '"900_trx'": 14, '"mmcells'": null, '"site_to'": null, '"1800_trx'": 2, '"2g_cells'": 3, '"4g_cells'": '"3'", '"archived'": false, '"bsc_code'": '"RYK317Z_MGW_2'", '"comments'": null, '"omo_name'": '"Enfrashare'", '"physical'": '"2G+4G'", '"usf_site'": '"No'", '"site_code'": '"BBB38323214'", '"site_from'": null, '"site_type'": '"Tower co B2S'", '"total_trx'": 16, '"bp_remarks'": null, '"pta_tehsil'": '"LIAQUATPUR TEHSIL'", '"4g_capacity'": '"2T2R'", '"l2100_cells'": '"0'", '"l900a_cells'": '"0'", '"pta_remarks'": '"sa'", '"site_status'": '"Active'", '"franchise_id'": 7639, '"l1800a_cells'": '"3'", '"l1800b_cells'": '"0'", '"pta_district'": '"RAHIM YAR KHAN'", '"pta_province'": '"PUNJAB'", '"2g_locked_tag'": '"das'", '"4g_locked_tag'": '"sad'", '"archived_type'": null, '"coverage_type'": '"Macro'", '"locked_status'": null, '"technical_city'": '"Rural'", '"commercial_city'": '"Liaqatpur_Rural'", '"part_of_dec_cfo'": '"Yes'", '"city_prefix_based'": '"Abbasia'", '"commercial_region'": '"Central B'", '"total_l18_ab_cells'": '"3'", '"commercial_district'": '"Rahim Yar Khan'", '"commercial_subregion'": '"Central 7'", '"onfp_planning_remarks'": null, '"sharing_type_hostguest'": '"Guest'"}]}"
97,Super Admin,admin@oko.com,12312312,Edited,"{'"updatedSites'": [{'"2g'": '"2G'", '"4g'": '"4G'", '"id'": 5, '"bsc'": '"ISB006H'", '"lat'": '"34.831100'", '"mbu'": '"N3-GLT-04'", '"long'": '"73.055900'", '"scope'": '"asdas'", '"b2s_id'": '"asdasd'", '"prefix'": '"AAL'", '"reason'": null, '"region'": '"North'", '"status'": '"In Progress'", '"vendor'": '"Huawei'", '"900_trx'": 7, '"mmcells'": '"No 4G'", '"site_to'": null, '"1800_trx'": 1, '"2g_cells'": 3, '"4g_cells'": '"No 4G'", '"archived'": false, '"bsc_code'": '"ISB006H__I10_ISB_6'", '"comments'": null, '"omo_name'": '"dasda'", '"physical'": '"4G'", '"usf_site'": '"No'", '"site_code'": '"AAL22521'", '"site_from'": null, '"site_type'": '"Own Built'", '"total_trx'": 7, '"bp_remarks'": null, '"pta_tehsil'": '"ALLAI TEHSIL'", '"4g_capacity'": '"No 4G'", '"l2100_cells'": '"No 4G'", '"l900a_cells'": '"No 4G'", '"pta_remarks'": '"asdas'", '"site_status'": '"Inactive'", '"franchise_id'": 7271, '"l1800a_cells'": '"No 4G'", '"l1800b_cells'": '"No 4G'", '"pta_district'": '"BATAGRAM'", '"pta_province'": '"KHYBER PAKHTUNKHWA'", '"2g_locked_tag'": '"asdas'", '"4g_locked_tag'": '"asdas'", '"archived_type'": null, '"coverage_type'": '"Macro'", '"locked_status'": '"Locked'", '"technical_city'": '"Alai'", '"commercial_city'": '"Battagram_Rural'", '"part_of_dec_cfo'": '"Yes'", '"city_prefix_based'": '"Alai'", '"commercial_region'": '"North'", '"total_l18_ab_cells'": '"No 4G'", '"commercial_district'": '"Batagram'", '"commercial_subregion'": '"North 3'", '"onfp_planning_remarks'": null, '"sharing_type_hostguest'": '"asdas'"}]}"
98,Super Admin,admin@oko.com,12312312,Edited,"{'"updatedSites'": [{'"2g'": '"'", '"4g'": '"'", '"id'": 16, '"bsc'": '"'", '"lat'": null, '"mbu'": '"'", '"long'": null, '"scope'": null, '"b2s_id'": '"'", '"prefix'": '"'", '"reason'": null, '"region'": '"'", '"status'": '"On Air'", '"vendor'": '"'", '"900_trx'": null, '"mmcells'": null, '"site_to'": null, '"1800_trx'": null, '"2g_cells'": null, '"4g_cells'": null, '"archived'": false, '"bsc_code'": '"'", '"comments'": null, '"omo_name'": '"'", '"physical'": '"'", '"usf_site'": '"'", '"site_code'": '"123425'", '"site_from'": null, '"site_type'": '"'", '"total_trx'": null, '"bp_remarks'": null, '"pta_tehsil'": '"'", '"4g_capacity'": '"'", '"l2100_cells'": null, '"l900a_cells'": null, '"pta_remarks'": null, '"site_status'": '"'", '"franchise_id'": null, '"l1800a_cells'": null, '"l1800b_cells'": null, '"pta_district'": '"'", '"pta_province'": '"'", '"2g_locked_tag'": null, '"4g_locked_tag'": null, '"archived_type'": null, '"coverage_type'": '"'", '"locked_status'": null, '"technical_city'": '"'", '"commercial_city'": '"'", '"part_of_dec_cfo'": '"'", '"city_prefix_based'": '"'", '"commercial_region'": '"'", '"total_l18_ab_cells'": null, '"commercial_district'": '"'", '"commercial_subregion'": '"'", '"onfp_planning_remarks'": null, '"sharing_type_hostguest'": '"'"}]}"
99,Super Admin,admin@oko.com,12312312,Edited,"{'"updatedSites'": [{'"2g'": '"'", '"4g'": '"'", '"id'": 17, '"bsc'": '"'", '"lat'": null, '"mbu'": '"'", '"long'": null, '"scope'": null, '"b2s_id'": '"'", '"prefix'": '"'", '"reason'": null, '"region'": '"'", '"status'": '"In Progress'", '"vendor'": '"'", '"900_trx'": null, '"mmcells'": null, '"site_to'": null, '"1800_trx'": null, '"2g_cells'": null, '"4g_cells'": null, '"archived'": false, '"bsc_code'": '"'", '"comments'": null, '"omo_name'": '"'", '"physical'": '"'", '"usf_site'": '"'", '"site_code'": '"5800K'", '"site_from'": null, '"site_type'": '"'", '"total_trx'": null, '"bp_remarks'": null, '"pta_tehsil'": '"'", '"4g_capacity'": '"'", '"l2100_cells'": null, '"l900a_cells'": null, '"pta_remarks'": null, '"site_status'": '"'", '"franchise_id'": null, '"l1800a_cells'": null, '"l1800b_cells'": null, '"pta_district'": '"'", '"pta_province'": '"'", '"2g_locked_tag'": null, '"4g_locked_tag'": null, '"archived_type'": null, '"coverage_type'": '"'", '"locked_status'": null, '"technical_city'": '"'", '"commercial_city'": '"'", '"part_of_dec_cfo'": '"'", '"city_prefix_based'": '"'", '"commercial_region'": '"'", '"total_l18_ab_cells'": null, '"commercial_district'": '"'", '"commercial_subregion'": '"'", '"onfp_planning_remarks'": null, '"sharing_type_hostguest'": '"'"}]}"
